,LotFrontage,OverallQual,YearBuilt,YearRemodAdd,MasVnrArea,BsmtFinSF1,TotalBsmtSF,2ndFlrSF,GrLivArea,FullBath,Fireplaces,GarageArea,WoodDeckSF,OpenPorchSF,SalePrice
0,65.0,7,2003,2003,196.0,706,856,854,1710,2,0,548,0,61,208500
1,80.0,6,1976,1976,0.0,978,1262,0,1262,2,1,460,298,0,181500
2,68.0,7,2001,2002,162.0,486,920,866,1786,2,1,608,0,42,223500
3,60.0,7,1915,1970,0.0,216,756,756,1717,1,1,642,0,35,140000
4,84.0,8,2000,2000,350.0,655,1145,1053,2198,2,1,836,192,84,250000
5,85.0,5,1993,1995,0.0,732,796,566,1362,1,0,480,40,30,143000
6,75.0,8,2004,2005,186.0,1369,1686,0,1694,2,1,636,255,57,307000
7,0.0,7,1973,1973,240.0,859,1107,983,2090,2,2,484,235,204,200000
8,51.0,7,1931,1950,0.0,0,952,752,1774,2,2,468,90,0,129900
9,50.0,5,1939,1950,0.0,851,991,0,1077,1,2,205,0,4,118000
10,70.0,5,1965,1965,0.0,906,1040,0,1040,1,0,384,0,0,129500
11,85.0,9,2005,2006,286.0,998,1175,1142,2324,3,2,736,147,21,345000
12,0.0,5,1962,1962,0.0,737,912,0,912,1,0,352,140,0,144000
13,91.0,7,2006,2007,306.0,0,1494,0,1494,2,1,840,160,33,279500
14,0.0,6,1960,1960,212.0,733,1253,0,1253,1,1,352,0,213,157000
15,51.0,7,1929,2001,0.0,0,832,0,854,1,0,576,48,112,132000
16,0.0,6,1970,1970,180.0,578,1004,0,1004,1,1,480,0,0,149000
17,72.0,4,1967,1967,0.0,0,0,0,1296,2,0,516,0,0,90000
18,66.0,5,2004,2004,0.0,646,1114,0,1114,1,0,576,0,102,159000
19,70.0,5,1958,1965,0.0,504,1029,0,1339,1,0,294,0,0,139000
20,101.0,8,2005,2006,380.0,0,1158,1218,2376,3,1,853,240,154,325300
21,57.0,7,1930,1950,0.0,0,637,0,1108,1,1,280,0,0,139400
22,75.0,8,2002,2002,281.0,0,1777,0,1795,2,1,534,171,159,230000
23,44.0,5,1976,1976,0.0,840,1040,0,1060,1,1,572,100,110,129900
24,0.0,5,1968,2001,0.0,188,1060,0,1060,1,1,270,406,90,154000
25,110.0,8,2007,2007,640.0,0,1566,0,1600,2,1,890,0,56,256300
26,60.0,5,1951,2000,0.0,234,900,0,900,1,0,576,222,32,134800
27,98.0,8,2007,2008,200.0,1218,1704,0,1704,2,1,772,0,50,306000
28,47.0,5,1957,1997,0.0,1277,1484,0,1600,1,2,319,288,258,207500
29,60.0,4,1927,1950,0.0,0,520,0,520,1,0,240,49,0,68500
30,50.0,4,1920,1950,0.0,0,649,668,1317,1,0,250,0,54,40000
31,0.0,5,1966,2006,0.0,0,1228,0,1228,1,0,271,0,65,149350
32,85.0,8,2007,2007,0.0,0,1234,0,1234,2,0,484,0,30,179900
33,70.0,5,1959,1959,0.0,1018,1398,0,1700,1,1,447,0,38,165500
34,60.0,9,2005,2005,246.0,1153,1561,0,1561,2,1,556,203,47,277500
35,108.0,8,2004,2005,132.0,0,1117,1320,2452,3,1,691,113,32,309000
36,112.0,5,1994,1995,0.0,0,1097,0,1097,1,0,672,392,64,145000
37,74.0,5,1954,1990,650.0,1213,1297,0,1297,1,1,498,0,0,153000
38,68.0,5,1953,2007,0.0,731,1057,0,1057,1,0,246,0,52,109000
39,65.0,4,1955,1955,0.0,0,0,0,1152,2,0,0,0,0,82000
40,84.0,6,1965,1965,101.0,643,1088,0,1324,2,1,440,0,138,160000
41,115.0,5,1959,1959,0.0,967,1350,0,1328,1,2,308,0,104,170000
42,0.0,5,1983,1983,0.0,747,840,0,884,1,0,504,240,0,144000
43,0.0,5,1975,1980,0.0,280,938,0,938,1,0,308,145,0,130250
44,70.0,5,1959,1959,0.0,179,1150,0,1150,1,0,300,0,0,141000
45,61.0,9,2005,2005,412.0,456,1752,0,1752,2,1,576,196,82,319900
46,48.0,7,2003,2003,0.0,1351,1434,631,2149,1,1,670,168,43,239686
47,84.0,8,2006,2006,0.0,24,1656,0,1656,2,0,826,0,146,249700
48,33.0,4,1920,2008,0.0,0,736,716,1452,2,0,0,0,0,113000
49,66.0,5,1966,1966,0.0,763,955,0,955,1,0,386,0,0,127000
50,0.0,6,1997,1997,0.0,182,794,676,1470,2,0,388,0,75,177000
51,52.0,6,1934,1950,0.0,0,816,0,1176,1,1,528,112,0,114500
52,110.0,5,1963,1963,0.0,104,816,0,816,1,0,516,106,0,110000
53,68.0,9,1981,1987,0.0,1810,1842,0,1842,0,1,894,857,72,385000
54,60.0,5,1955,1955,0.0,384,384,0,1360,1,1,572,0,50,130000
55,100.0,6,1964,1964,272.0,490,1425,0,1425,2,1,576,0,0,180500
56,24.0,8,1999,2000,456.0,649,970,756,1739,2,0,480,115,0,172500
57,89.0,7,2004,2004,0.0,0,860,860,1720,2,0,565,0,70,196500
58,66.0,10,2006,2006,1031.0,0,1410,1519,2945,3,1,641,192,0,438780
59,60.0,5,1972,1972,0.0,632,780,0,780,1,0,352,196,0,124900
60,63.0,6,2004,2004,0.0,941,1158,0,1158,1,0,576,0,50,158000
61,60.0,5,1920,1996,0.0,0,530,530,1111,1,0,288,0,0,101000
62,44.0,8,2006,2006,178.0,24,1370,0,1370,2,1,484,120,49,202500
63,50.0,7,1921,1950,0.0,0,576,808,1710,2,0,480,12,11,140000
64,0.0,7,1997,1998,573.0,739,1057,977,2034,2,0,645,576,36,219500
65,76.0,8,2004,2005,344.0,0,1143,1330,2473,2,1,852,192,151,317000
66,0.0,7,1970,1989,287.0,912,1947,0,2207,2,1,576,301,0,180000
67,72.0,7,2003,2003,167.0,1013,1453,0,1479,2,0,558,144,29,226000
68,47.0,4,1945,1950,0.0,0,747,0,747,1,0,220,0,0,80000
69,81.0,7,1953,1953,0.0,603,1304,983,2287,2,1,667,0,21,225000
70,95.0,7,1973,1973,1115.0,1880,2223,0,2223,2,2,516,300,0,244000
71,69.0,4,1982,2006,0.0,565,845,0,845,1,0,360,0,0,129500
72,74.0,7,1998,1998,40.0,0,832,833,1718,2,1,427,0,94,185000
73,85.0,5,1954,2003,104.0,320,1086,0,1086,1,0,490,0,0,144900
74,60.0,3,1915,1950,0.0,0,840,765,1605,2,0,379,0,0,107400
75,21.0,4,1973,1973,0.0,462,462,462,988,1,0,297,120,101,91000
76,0.0,4,1956,1956,0.0,228,952,0,952,1,0,283,0,0,135750
77,50.0,5,1948,2001,0.0,336,672,213,1285,1,0,240,0,0,127000
78,72.0,4,1968,1968,0.0,0,1768,0,1768,2,0,0,0,0,136500
79,60.0,5,1910,1981,0.0,0,440,548,1230,1,0,440,74,0,110000
80,100.0,6,1968,1968,576.0,448,896,960,2142,2,1,509,0,72,193500
81,32.0,6,1998,1998,443.0,1201,1237,0,1337,2,0,405,0,199,153500
82,78.0,8,2007,2007,468.0,33,1563,0,1563,2,1,758,144,99,245000
83,80.0,5,1960,1960,66.0,0,1065,0,1065,1,0,461,74,0,126500
84,0.0,7,1995,1996,22.0,0,384,670,1474,2,1,400,120,72,168500
85,121.0,8,1991,1992,284.0,0,1288,1116,2417,2,1,462,127,82,260000
86,122.0,6,2005,2005,0.0,0,684,876,1560,2,1,400,100,38,174000
87,40.0,6,2009,2009,76.0,0,612,612,1224,2,0,528,0,234,164500
88,105.0,3,1915,1982,0.0,0,1013,0,1526,1,0,0,0,0,85000
89,60.0,4,1994,1995,0.0,588,990,0,990,1,0,0,0,0,123600
90,60.0,4,1950,1950,0.0,0,0,0,1040,1,0,420,0,29,109900
91,85.0,5,1961,1961,203.0,600,1235,0,1235,1,0,480,0,0,98600
92,80.0,5,1921,2006,0.0,713,876,0,964,1,0,432,0,0,163500
93,60.0,6,1910,1998,0.0,1046,1214,1031,2291,2,1,506,0,0,133900
94,69.0,6,1997,1997,0.0,648,824,881,1786,2,0,684,0,162,204750
95,0.0,6,1993,1993,68.0,310,680,790,1470,2,1,420,232,63,185000
96,78.0,7,1999,1999,183.0,1162,1588,0,1588,2,0,472,158,29,214000
97,73.0,4,1965,1965,48.0,520,960,0,960,1,0,432,120,0,94750
98,85.0,5,1920,1950,0.0,108,458,0,835,1,0,366,0,0,83000
99,77.0,4,1959,1959,0.0,569,950,0,1225,1,0,0,352,0,128950
100,0.0,6,1977,2001,28.0,1200,1610,0,1610,2,2,480,168,68,205000
101,77.0,6,1985,1985,336.0,0,741,755,1732,2,1,476,192,46,178000
102,64.0,5,1979,1979,0.0,0,0,0,1535,2,0,410,0,0,118964
103,94.0,7,2009,2009,0.0,0,1226,0,1226,2,0,740,0,36,198900
104,0.0,7,1931,1950,600.0,224,1040,592,1818,1,2,240,0,0,169500
105,75.0,8,2003,2004,768.0,0,1053,939,1992,2,1,648,140,45,250000
106,60.0,4,1885,1995,0.0,0,641,0,1047,1,0,273,0,0,100000
107,50.0,5,1948,1950,0.0,104,789,0,789,1,0,250,0,0,115000
108,85.0,5,1919,2005,0.0,0,793,520,1517,2,0,0,0,0,115000
109,105.0,6,1977,1977,480.0,705,1844,0,1844,2,1,546,0,122,190000
110,75.0,6,1954,1972,0.0,444,994,639,1855,2,0,325,182,0,136900
111,0.0,7,2000,2000,0.0,250,384,656,1430,2,1,400,180,0,180000
112,77.0,7,2007,2007,220.0,984,1264,1414,2696,2,1,792,120,184,383970
113,0.0,6,1953,1953,184.0,35,1809,0,2259,2,2,450,166,120,217000
114,61.0,6,1945,2002,0.0,774,1028,884,2320,2,1,180,224,0,259500
115,34.0,6,1999,1999,1129.0,419,729,729,1458,2,1,440,0,32,176000
116,0.0,5,1962,1962,116.0,170,1092,0,1092,1,1,288,0,20,139000
117,74.0,5,2006,2007,0.0,0,1125,0,1125,1,0,430,80,64,155000
118,90.0,7,1990,1990,0.0,1470,1673,1523,3222,3,2,594,367,0,320000
119,65.0,6,2005,2006,0.0,0,728,728,1456,2,1,390,0,24,163990
120,0.0,6,1969,1969,0.0,938,938,0,988,1,2,540,0,130,180000
121,50.0,4,1939,1950,0.0,0,732,351,1123,1,0,264,0,0,100000
122,75.0,6,1958,1958,135.0,570,1080,0,1080,1,0,288,0,0,136000
123,55.0,6,1993,1993,0.0,300,1199,0,1199,2,0,530,0,63,153900
124,48.0,6,1979,1998,0.0,0,1362,0,1586,2,1,435,192,0,181000
125,60.0,6,1935,1982,0.0,490,520,0,754,1,0,0,53,0,84500
126,0.0,6,1976,1976,0.0,120,1078,0,958,2,1,440,0,205,128000
127,55.0,5,1930,1950,0.0,116,672,0,840,1,1,0,0,0,87000
128,69.0,6,1966,1966,266.0,512,660,688,1348,1,1,453,188,108,155000
129,69.0,5,1958,1991,85.0,567,1008,0,1053,1,0,750,0,80,150000
130,88.0,7,1966,1966,309.0,445,924,941,2157,2,2,487,105,66,226000
131,0.0,6,2000,2000,40.0,695,992,1032,2054,2,1,390,24,48,244000
132,75.0,5,1959,2002,0.0,405,1063,0,1327,1,0,624,0,0,150750
133,0.0,8,2001,2002,136.0,1005,1267,0,1296,2,0,471,192,25,220000
134,78.0,5,1968,1993,0.0,570,1461,0,1721,2,1,440,0,96,180000
135,80.0,7,1970,1970,288.0,0,1304,0,1682,2,1,530,98,0,174000
136,0.0,5,1967,1967,196.0,695,1214,0,1214,2,1,318,0,111,143000
137,82.0,7,1988,1989,70.0,0,1907,0,1959,3,0,766,0,0,171000
138,73.0,8,1999,2000,320.0,668,1004,848,1852,2,2,660,224,106,230000
139,65.0,6,1997,1997,0.0,821,928,836,1764,2,0,470,276,99,231500
140,70.0,4,1971,1971,0.0,432,864,0,864,1,1,0,0,0,115000
141,78.0,7,2005,2005,0.0,1300,1734,0,1734,2,0,660,160,24,260000
142,71.0,5,1952,1952,0.0,507,910,475,1385,2,0,720,0,0,166000
143,78.0,7,1999,1999,183.0,679,1490,0,1501,2,0,577,144,29,204000
144,70.0,5,1963,1963,336.0,1332,1728,0,1728,2,0,504,0,0,125000
145,24.0,6,2004,2006,50.0,0,970,739,1709,2,0,380,0,40,130000
146,51.0,5,1931,1993,0.0,209,715,0,875,1,0,180,48,0,105000
147,0.0,7,2001,2001,180.0,0,884,1151,2035,2,1,434,144,48,222500
148,63.0,7,2004,2005,120.0,680,1080,0,1080,1,0,0,0,0,141000
149,0.0,5,1936,1950,0.0,0,896,448,1344,1,0,240,200,114,115000
150,120.0,5,1975,1975,0.0,716,969,0,969,1,0,440,0,0,122000
151,107.0,8,2007,2008,436.0,1400,1710,0,1710,2,1,866,0,102,372402
152,0.0,6,1971,1971,252.0,416,825,896,1993,2,1,495,0,66,190000
153,0.0,6,1960,1975,0.0,429,1602,0,1252,1,1,564,409,0,235000
154,84.0,6,1923,1950,0.0,0,1200,0,1200,1,0,312,0,0,125000
155,60.0,6,1924,1950,0.0,0,572,524,1096,1,0,0,0,8,79000
156,60.0,5,1950,1950,0.0,0,0,0,1040,1,0,625,0,0,109500
157,92.0,8,2009,2010,84.0,0,774,1194,1968,2,1,680,0,75,269500
158,100.0,7,2004,2005,0.0,222,991,956,1947,2,1,678,0,136,254900
159,134.0,7,2005,2006,456.0,57,1392,1070,2462,2,1,576,239,132,320000
160,0.0,6,1984,1984,0.0,660,1232,0,1232,2,0,516,0,0,162500
161,110.0,9,2003,2004,664.0,1016,1572,1096,2668,2,2,726,400,0,412500
162,95.0,7,2005,2005,226.0,1201,1541,0,1541,2,1,532,0,70,220000
163,55.0,4,1956,1956,0.0,0,882,0,882,1,0,0,0,0,103200
164,40.0,6,1926,2004,0.0,370,1149,467,1616,2,0,216,0,0,152000
165,62.0,5,1940,1999,0.0,351,644,547,1355,2,0,0,140,0,127500
166,0.0,5,1955,1993,0.0,379,1617,0,1867,1,3,303,476,0,190000
167,86.0,8,2007,2007,300.0,1288,1582,551,2161,1,1,789,178,120,325624
168,62.0,7,2004,2004,0.0,0,840,880,1720,2,1,440,100,48,183500
169,0.0,8,1981,1981,653.0,0,1686,0,1707,2,1,511,574,64,228000
170,0.0,5,1941,1950,0.0,360,720,0,1382,1,0,660,237,0,128500
171,141.0,6,1960,1960,112.0,639,1080,0,1656,1,2,528,210,62,215000
172,44.0,7,1987,1987,0.0,495,1064,703,1767,2,1,504,441,35,239000
173,80.0,6,1961,1961,491.0,288,1362,0,1362,1,1,504,0,20,163000
174,47.0,6,1986,1986,132.0,1398,1606,0,1651,2,1,616,192,0,184000
175,84.0,6,1950,2001,0.0,477,1202,0,2158,2,1,576,0,29,243000
176,97.0,6,1988,1989,268.0,831,1151,896,2060,2,1,521,0,228,211000
177,0.0,5,1958,1958,0.0,57,1052,668,1920,2,1,451,0,0,172500
178,63.0,9,2008,2009,748.0,1904,2216,0,2234,2,1,1166,0,60,501837
179,60.0,5,1923,2006,0.0,0,968,0,968,1,0,480,0,0,100000
180,0.0,6,2000,2000,456.0,436,756,756,1525,2,1,440,0,0,177000
181,54.0,7,1920,1950,0.0,352,793,901,1802,1,1,216,0,0,200100
182,60.0,5,1957,2006,98.0,0,0,0,1340,1,1,252,116,0,120000
183,63.0,7,2003,2003,0.0,0,1362,720,2082,2,0,484,280,238,200000
184,92.0,5,1908,1991,0.0,0,504,316,1252,1,0,576,104,0,127000
185,90.0,10,1892,1993,0.0,0,1107,1518,3608,2,2,840,0,260,475000
186,0.0,7,1990,1991,0.0,611,1188,0,1217,2,0,497,168,27,173000
187,60.0,5,1916,1987,0.0,0,660,704,1656,2,0,180,0,0,135000
188,64.0,5,1979,1979,275.0,1086,1086,0,1224,0,2,528,120,0,153337
189,41.0,8,2001,2002,0.0,1153,1593,0,1593,1,1,682,0,120,286000
190,70.0,8,1932,1994,0.0,297,853,1178,2727,2,2,440,0,74,315000
191,0.0,7,1972,2004,138.0,626,725,754,1479,1,0,484,0,32,184000
192,68.0,7,1999,1999,0.0,560,1431,0,1431,2,0,666,0,35,192000
193,24.0,7,2004,2004,50.0,0,970,739,1709,2,0,380,0,40,130000
194,60.0,5,1972,1972,0.0,390,864,0,864,1,0,352,0,0,127000
195,24.0,6,1976,1976,0.0,566,855,601,1456,2,1,440,87,0,148500
196,79.0,7,2007,2007,205.0,1126,1726,0,1726,2,1,786,171,138,311872
197,174.0,8,1918,1990,0.0,1036,1360,1360,3112,2,1,795,0,16,235000
198,92.0,6,1912,1950,0.0,0,755,929,2229,1,0,0,0,198,104000
199,76.0,8,2004,2005,262.0,1088,1713,0,1713,2,1,856,0,26,274900
200,80.0,4,2003,2004,0.0,0,1121,0,1121,2,0,440,132,64,140000
201,75.0,6,1977,1977,0.0,641,1196,0,1279,2,2,473,238,83,171500
202,50.0,6,1924,1950,0.0,617,617,445,1310,2,0,398,0,0,112000
203,0.0,6,2004,2004,205.0,662,848,0,848,1,1,420,149,0,149000
204,50.0,5,1947,1950,0.0,312,720,564,1284,1,0,240,0,35,110000
205,99.0,7,1990,1990,0.0,0,1424,0,1442,2,0,500,0,34,180500
206,40.0,5,1962,1962,0.0,0,1140,0,1696,1,1,349,0,30,143900
207,0.0,4,1960,1960,0.0,419,1100,0,1100,1,1,312,355,0,141000
208,0.0,7,1988,1989,128.0,1065,1157,882,2062,2,1,454,60,55,277000
209,75.0,6,1964,1964,260.0,787,1092,0,1092,1,0,504,0,0,145000
210,67.0,5,1925,1950,0.0,468,864,0,864,1,0,0,0,0,98000
211,83.0,6,2009,2009,0.0,36,1212,0,1212,2,0,460,100,22,186000
212,72.0,7,2009,2009,0.0,822,900,920,1852,2,1,644,168,108,252678
213,43.0,5,1995,1995,0.0,716,990,0,990,1,0,576,224,0,156000
214,0.0,6,1977,1977,153.0,378,689,703,1392,1,0,299,0,36,161750
215,72.0,5,1957,1996,64.0,360,1070,0,1236,1,1,447,0,0,134450
216,65.0,7,2004,2004,266.0,946,1436,0,1436,2,0,484,139,98,210000
217,57.0,4,1925,1950,0.0,0,686,518,1328,1,0,210,0,172,107000
218,0.0,7,1939,2006,312.0,341,798,817,1954,1,2,431,0,119,311500
219,43.0,7,2005,2006,16.0,16,1248,0,1248,2,0,438,108,0,167240
220,73.0,7,2006,2006,0.0,0,1498,0,1498,2,0,675,351,33,204900
221,0.0,6,2002,2002,0.0,0,1010,1257,2267,2,1,390,120,46,200000
222,85.0,6,1975,1975,0.0,550,713,741,1552,2,1,434,209,208,179900
223,70.0,4,1971,1971,0.0,524,864,0,864,1,0,576,216,0,97000
224,103.0,10,2003,2003,922.0,56,2392,0,2392,2,1,968,248,105,386250
225,21.0,5,1971,1971,142.0,0,630,672,1302,2,0,280,0,0,112000
226,82.0,7,1995,1995,290.0,565,1203,1306,2520,2,1,721,224,114,290000
227,21.0,6,1970,1970,127.0,321,483,504,987,1,0,280,0,0,106000
228,70.0,5,1967,1967,0.0,842,912,0,912,1,1,336,0,0,125000
229,43.0,7,2005,2006,16.0,16,1373,0,1555,2,1,430,143,20,192500
230,73.0,6,1959,1959,220.0,0,1194,0,1194,1,0,312,0,0,148000
231,174.0,8,1995,1996,506.0,689,1462,1304,2794,2,1,810,0,146,403000
232,21.0,6,1972,1972,297.0,0,483,504,987,1,1,288,0,0,94500
233,75.0,5,1976,1976,0.0,182,894,0,894,1,0,308,365,0,128200
234,0.0,6,2002,2002,0.0,625,860,1100,1960,2,2,440,288,48,216500
235,21.0,6,1971,1971,604.0,358,483,504,987,1,0,264,0,0,89500
236,65.0,7,2004,2004,98.0,24,1414,0,1414,2,0,494,132,105,185500
237,0.0,7,1993,2003,0.0,402,996,730,1744,2,0,457,370,70,194500
238,93.0,8,2007,2007,254.0,0,1694,0,1694,2,0,818,168,228,318000
239,52.0,6,1945,1950,0.0,94,735,689,1487,1,1,220,0,140,113000
240,75.0,8,2008,2008,36.0,1078,1566,0,1566,2,0,750,144,168,262500
241,40.0,5,1945,1997,0.0,329,686,0,866,1,0,0,58,42,110500
242,63.0,5,1900,1950,0.0,0,540,551,1440,1,0,352,0,0,79000
243,75.0,6,1980,1980,0.0,0,626,591,1217,1,1,288,0,28,120000
244,0.0,7,1994,2002,0.0,695,948,888,2110,2,2,463,0,130,205000
245,80.0,7,1988,1988,102.0,929,1845,0,1872,2,1,604,197,39,241500
246,69.0,6,1910,1950,0.0,0,1020,1020,1928,2,0,440,0,60,137000
247,75.0,6,1954,1954,0.0,0,1367,0,1375,1,1,451,0,30,140000
248,72.0,7,2003,2003,101.0,0,840,828,1668,2,0,500,144,68,180000
249,0.0,6,1958,2006,472.0,697,1444,700,2144,2,2,389,0,98,277000
250,55.0,3,1940,1966,0.0,0,728,0,1306,1,0,0,263,0,76500
251,44.0,8,2006,2007,481.0,1573,1573,0,1625,2,1,538,123,0,235000
252,65.0,6,2004,2004,0.0,0,798,842,1640,2,0,520,138,45,173000
253,85.0,6,1964,1991,108.0,270,1302,0,1302,2,0,309,333,0,158000
254,70.0,5,1957,1957,0.0,922,1314,0,1314,1,0,294,250,0,145000
255,66.0,7,1999,1999,302.0,0,975,1286,2291,2,1,429,192,0,230000
256,64.0,6,2003,2003,0.0,503,864,864,1728,2,0,673,216,56,207500
257,68.0,7,2006,2006,180.0,1334,1604,0,1604,2,1,660,123,110,220000
258,80.0,7,2001,2001,172.0,361,963,829,1792,2,1,564,0,96,231500
259,70.0,5,1956,1956,0.0,0,0,0,882,1,0,308,0,45,97000
260,120.0,6,1962,1962,399.0,672,1362,0,1382,1,1,884,0,0,176000
261,69.0,8,2007,2007,270.0,0,1482,1092,2574,2,1,868,0,148,276000
262,88.0,6,1977,1995,46.0,506,506,0,1212,1,1,492,292,12,151000
263,50.0,5,1929,2001,0.0,234,926,0,1316,1,0,484,0,0,130000
264,30.0,5,1925,2004,0.0,0,680,0,764,1,0,504,0,0,73000
265,78.0,6,1981,1981,210.0,588,1422,0,1422,2,1,576,276,0,175500
266,70.0,6,1997,1997,0.0,714,802,709,1511,2,1,413,95,75,185000
267,60.0,5,1939,1997,0.0,378,720,720,2192,2,1,240,262,24,179500
268,71.0,5,1940,1955,0.0,403,740,0,778,1,1,924,0,25,120500
269,0.0,6,1976,1976,174.0,751,1143,0,1113,1,1,504,370,30,148000
270,84.0,8,2006,2006,0.0,0,1095,844,1939,2,1,1053,192,51,266000
271,73.0,7,1954,2005,0.0,226,1385,0,1363,1,2,439,81,0,241500
272,92.0,8,1999,2007,348.0,524,1152,1106,2270,2,1,671,132,57,290000
273,80.0,6,1958,1988,183.0,620,1240,0,1632,2,1,338,289,0,139000
274,76.0,5,1982,1982,0.0,546,816,0,816,1,0,264,168,0,124500
275,55.0,7,1925,2007,0.0,0,952,596,1548,2,0,672,74,0,205000
276,129.0,7,2003,2003,0.0,0,1560,0,1560,2,0,573,100,150,201000
277,140.0,4,1951,1951,0.0,120,864,0,864,1,0,400,0,0,141000
278,107.0,9,2006,2007,315.0,0,2121,0,2121,2,1,732,124,98,415298
279,83.0,7,1977,1977,299.0,392,1160,866,2022,2,1,505,288,117,192000
280,82.0,7,1989,1989,340.0,421,807,807,1982,2,1,575,0,84,228500
281,60.0,6,2006,2006,68.0,905,1262,0,1262,2,0,572,0,120,185000
282,34.0,7,2007,2008,166.0,904,1314,0,1314,2,1,626,172,62,207500
283,74.0,8,2008,2009,72.0,0,1468,0,1468,2,1,898,210,150,244600
284,50.0,6,1992,1992,0.0,430,1575,0,1575,2,0,529,0,0,179200
285,35.0,7,2006,2007,0.0,0,625,625,1250,2,0,528,0,54,164700
286,77.0,6,1962,1981,0.0,600,912,649,1734,1,1,440,0,0,159000
287,0.0,4,1971,1971,0.0,614,858,0,858,1,0,0,0,0,88000
288,0.0,5,1967,1967,31.0,450,882,0,900,1,0,280,0,0,122000
289,60.0,6,1915,2003,0.0,0,698,698,1396,1,0,384,0,0,153575
290,120.0,8,2006,2006,0.0,0,1079,840,1919,2,1,685,0,51,233230
291,55.0,5,1912,2000,0.0,210,780,780,1716,2,0,0,0,184,135900
292,60.0,5,1949,2008,0.0,292,768,568,1716,1,1,281,0,0,131000
293,0.0,7,1977,1994,34.0,795,795,795,2263,2,1,539,0,250,235000
294,80.0,6,1953,1953,238.0,1285,1416,0,1644,1,2,418,110,0,167000
295,37.0,6,1984,1984,0.0,819,1003,0,1003,1,0,588,120,0,142500
296,75.0,5,1950,1950,0.0,420,910,648,1558,1,0,282,289,0,152000
297,66.0,7,1997,1998,1600.0,649,975,975,1950,2,1,576,0,10,239000
298,90.0,6,1968,1968,365.0,384,702,702,1743,1,1,539,224,0,175000
299,80.0,6,1950,2004,0.0,0,1092,0,1152,1,1,300,0,36,158500
300,90.0,5,1953,1953,56.0,841,1165,0,1336,1,2,375,0,0,157000
301,66.0,8,1998,1999,0.0,281,1028,1242,2452,2,1,683,208,50,267000
302,118.0,7,2001,2002,150.0,0,1541,0,1541,2,1,843,468,81,205000
303,70.0,5,1972,1972,0.0,894,894,0,894,1,0,552,256,0,149900
304,87.0,7,1880,2002,0.0,0,1470,1818,3493,3,1,870,302,0,295000
305,80.0,8,2004,2005,246.0,1464,2000,0,2000,2,0,888,168,0,305900
306,116.0,7,1990,1991,246.0,700,700,1121,2243,2,1,746,127,44,225000
307,0.0,6,1920,1950,0.0,0,319,371,1406,1,0,0,0,144,89500
308,0.0,4,1940,1950,0.0,262,861,0,861,1,0,539,158,0,82500
309,90.0,9,2003,2004,0.0,1274,1896,0,1944,2,3,708,208,175,360000
310,0.0,6,1993,1994,112.0,518,697,804,1501,2,1,420,190,63,165600
311,50.0,6,1948,2002,0.0,680,972,0,972,1,1,240,0,0,132000
312,65.0,5,1939,1950,0.0,507,793,325,1118,1,1,410,0,0,119900
313,150.0,7,1965,1965,0.0,1236,2136,0,2036,2,2,513,0,0,375000
314,60.0,7,1925,1990,0.0,16,728,809,1641,1,1,546,0,0,178000
315,71.0,7,2004,2005,0.0,425,716,716,1432,2,1,432,100,51,188500
316,94.0,7,1980,1980,278.0,692,845,1200,2353,2,1,484,288,195,260000
317,75.0,8,2006,2006,0.0,0,1088,871,1959,2,1,1025,208,46,270000
318,90.0,7,1993,1993,256.0,987,1347,1274,2646,2,1,656,340,60,260000
319,0.0,7,1980,1980,225.0,1036,1372,0,1472,2,2,588,233,48,187500
320,111.0,9,2006,2006,370.0,0,1249,1347,2596,3,0,840,240,154,342643
321,99.0,8,2004,2004,388.0,970,1136,1332,2468,2,1,872,184,154,354000
322,86.0,7,1986,1987,172.0,28,1502,1177,2730,2,1,576,201,96,301000
323,49.0,3,1955,2005,0.0,256,1162,0,1163,1,0,220,142,98,126175
324,96.0,7,1967,2007,300.0,0,710,1080,2978,2,1,564,240,0,242000
325,50.0,5,1941,1950,0.0,116,720,0,803,1,0,360,0,0,87000
326,32.0,8,1993,1993,0.0,1619,1719,0,1719,1,2,473,122,30,324000
327,80.0,6,1960,1960,175.0,565,1383,0,1383,1,0,292,0,45,145250
328,0.0,6,1916,1994,0.0,0,844,689,2134,2,0,441,0,60,214500
329,60.0,5,1920,1950,0.0,0,596,596,1192,1,0,189,0,0,78000
330,0.0,5,1964,1964,84.0,40,1728,0,1728,2,0,352,155,0,119000
331,70.0,5,1958,1992,0.0,846,1056,0,1056,1,0,308,0,0,139000
332,85.0,8,2003,2004,296.0,1124,3206,0,1629,2,1,880,0,0,284000
333,59.0,7,2004,2004,146.0,720,1358,0,1358,2,1,484,192,30,207000
334,59.0,6,1998,1998,0.0,828,943,695,1638,2,2,472,100,38,192000
335,0.0,5,1965,1965,0.0,1249,1499,167,1786,2,2,529,670,0,228950
336,86.0,9,2005,2006,200.0,1249,1922,0,1922,2,1,676,178,51,377426
337,70.0,7,2002,2003,113.0,810,1536,0,1536,2,0,532,192,74,214000
338,91.0,7,1984,1998,0.0,213,1208,0,1621,2,0,440,108,45,202500
339,66.0,6,1958,1998,176.0,585,1215,0,1215,1,0,297,0,0,155000
340,85.0,8,2002,2002,0.0,0,967,915,1908,2,0,431,135,0,202900
341,60.0,4,1950,1950,0.0,0,721,0,841,1,0,294,250,0,82000
342,0.0,3,1949,1950,340.0,0,0,0,1040,2,0,400,0,0,87500
343,63.0,9,2005,2005,616.0,28,1684,0,1684,2,1,564,495,72,266000
344,36.0,5,1976,1976,0.0,129,536,576,1112,1,0,336,182,0,85000
345,65.0,6,1939,1950,0.0,0,972,605,1577,1,1,312,0,0,140200
346,0.0,6,1960,1998,0.0,498,958,0,958,1,0,301,0,0,151500
347,0.0,6,1960,1960,30.0,1270,1478,0,1478,2,2,498,0,40,157500
348,36.0,7,2003,2004,106.0,573,764,862,1626,2,0,474,0,27,154000
349,56.0,9,2005,2006,870.0,1410,1848,880,2728,2,2,706,0,0,437154
350,68.0,9,2007,2007,362.0,0,1869,0,1869,2,1,617,210,54,318061
351,0.0,7,1986,1986,0.0,1082,1453,0,1453,1,1,445,0,80,190000
352,60.0,5,1941,1950,0.0,236,616,495,1111,1,0,200,48,0,95000
353,60.0,6,1928,2003,0.0,0,624,0,720,1,0,484,106,0,105900
354,60.0,6,1940,2000,0.0,388,940,403,1595,1,2,240,0,0,140000
355,105.0,6,1995,1995,0.0,334,1200,0,1200,2,0,521,0,26,177500
356,0.0,6,1992,1992,106.0,560,1158,0,1167,2,0,400,120,26,173000
357,44.0,5,1976,1976,0.0,874,1142,0,1142,1,1,528,536,90,134000
358,92.0,5,1958,1958,120.0,300,1062,0,1352,1,0,288,168,0,130000
359,78.0,8,1998,1998,530.0,956,1086,838,1924,2,1,592,208,75,280000
360,0.0,6,1978,1978,0.0,773,888,0,912,1,1,470,0,0,156000
361,0.0,5,1940,1982,0.0,399,883,517,1505,1,0,240,0,0,145000
362,64.0,7,2003,2003,500.0,0,0,1427,1922,3,1,672,0,0,198500
363,21.0,6,1972,2007,510.0,162,483,504,987,1,0,264,250,0,118000
364,0.0,6,1976,1976,120.0,712,796,784,1574,2,1,566,306,111,190000
365,59.0,5,1920,1997,0.0,456,672,672,1344,1,0,468,0,128,147000
366,0.0,6,1963,1963,247.0,609,1394,0,1394,1,2,514,0,76,159000
367,101.0,6,1962,1962,305.0,371,1099,0,1431,1,1,296,64,110,165000
368,78.0,5,1954,1954,200.0,540,1268,0,1268,1,1,244,0,98,132000
369,0.0,5,1959,2006,0.0,72,1063,0,1287,1,1,576,364,17,162000
370,0.0,6,2000,2000,0.0,0,953,711,1664,2,1,460,100,40,172400
371,80.0,4,1959,1959,0.0,0,0,468,1588,2,1,680,0,59,134432
372,50.0,6,1984,1984,0.0,623,744,0,752,1,0,264,353,0,125000
373,79.0,5,1953,1953,0.0,428,608,0,1319,1,0,270,66,0,123000
374,65.0,7,2003,2004,0.0,0,847,1081,1928,2,1,434,100,48,219500
375,0.0,1,1922,1950,0.0,350,683,0,904,0,0,0,0,0,61000
376,57.0,5,1996,1996,0.0,298,870,0,914,1,0,576,0,0,148000
377,102.0,8,2004,2005,0.0,0,1580,886,2466,3,1,610,159,214,340000
378,88.0,9,2010,2010,350.0,1445,1856,0,1856,1,1,834,113,0,394432
379,60.0,6,2000,2000,16.0,0,982,793,1800,2,1,463,100,63,179000
380,50.0,5,1924,1950,0.0,218,1026,665,1691,2,1,308,0,0,127000
381,60.0,7,2006,2006,0.0,0,1293,0,1301,2,1,572,216,121,187750
382,79.0,7,2006,2006,0.0,0,939,858,1797,2,0,639,144,53,213500
383,60.0,6,1928,1950,0.0,0,784,0,784,1,0,360,0,0,76000
384,0.0,6,1992,1992,0.0,985,1580,874,1953,2,2,501,216,231,240000
385,43.0,8,2004,2005,16.0,24,1256,0,1269,2,1,430,146,20,192000
386,58.0,5,1910,1996,0.0,0,658,526,1184,1,0,0,0,151,81000
387,72.0,6,1976,1976,255.0,631,1041,0,1125,1,1,352,296,0,125000
388,93.0,7,1999,2000,125.0,0,1468,0,1479,2,0,577,120,25,191000
389,96.0,10,2007,2008,272.0,1280,1682,590,2332,2,1,846,196,134,426000
390,50.0,5,1900,1950,0.0,241,861,406,1367,1,0,384,0,130,119000
391,71.0,6,2001,2002,0.0,690,804,1157,1961,2,1,560,125,192,215000
392,0.0,5,1959,1959,0.0,0,0,0,882,1,0,294,0,0,106500
393,0.0,4,1941,1950,0.0,266,788,0,788,1,2,0,0,0,100000
394,60.0,5,1940,1950,0.0,0,735,299,1034,1,0,240,0,39,109000
395,68.0,5,1956,1956,0.0,739,1144,0,1144,1,0,596,44,0,129000
396,60.0,5,1972,1972,0.0,777,894,0,894,1,0,600,215,0,123000
397,69.0,5,1962,1962,288.0,540,864,936,1812,2,1,264,0,168,169500
398,60.0,5,1920,1950,0.0,0,961,0,1077,1,0,338,0,0,67000
399,65.0,7,2006,2007,100.0,812,1092,438,1550,2,0,438,0,168,241000
400,38.0,8,1996,1996,0.0,786,1260,0,1288,1,2,500,120,30,245500
401,65.0,7,2005,2005,0.0,24,1310,0,1310,2,1,400,0,0,164990
402,60.0,5,1940,1997,0.0,0,672,0,672,1,0,240,168,0,108000
403,93.0,8,1998,1998,650.0,0,1141,1098,2263,2,1,420,144,123,258000
404,0.0,6,1995,1996,0.0,0,806,766,1572,2,1,373,0,40,168000
405,0.0,4,1976,1993,0.0,1116,1281,0,1620,2,1,490,120,78,150000
406,51.0,6,1936,1950,0.0,0,1064,0,1639,1,0,240,0,0,115000
407,63.0,6,1915,1976,0.0,0,840,840,1680,2,0,308,0,0,177000
408,109.0,7,2006,2006,350.0,0,1063,1101,2172,2,1,947,192,62,280000
409,85.0,8,2007,2008,100.0,789,1034,1028,2078,2,1,836,0,102,339750
410,68.0,5,1958,1958,0.0,0,1276,0,1276,1,0,350,0,0,60000
411,100.0,5,1955,1955,0.0,1056,1056,0,1056,1,0,572,264,0,145000
412,0.0,7,2009,2009,432.0,578,1470,0,1478,2,1,484,0,144,222000
413,56.0,5,1927,1950,0.0,0,1008,0,1028,1,1,360,0,0,115000
414,59.0,7,1993,1993,0.0,50,1080,1017,2097,2,1,678,196,187,228000
415,73.0,7,2007,2007,0.0,24,1340,0,1340,2,0,396,100,30,181134
416,74.0,6,1978,1978,203.0,209,672,728,1400,1,1,440,0,0,149500
417,86.0,6,1918,1950,0.0,1128,1370,1254,2624,2,1,864,0,0,239000
418,60.0,5,1940,1950,0.0,312,756,378,1134,1,0,240,0,0,126000
419,65.0,5,1968,1968,0.0,775,1056,0,1056,1,1,304,0,85,142000
420,78.0,7,1997,1998,200.0,1309,1344,0,1344,2,0,784,0,0,206300
421,0.0,6,1977,2000,126.0,1246,1602,0,1602,2,1,529,240,0,215000
422,100.0,5,1954,1954,0.0,0,988,0,988,1,0,520,0,0,113000
423,80.0,8,1998,1998,473.0,986,1470,1160,2630,2,1,696,0,66,315000
424,72.0,6,1956,1956,74.0,616,1196,0,1196,1,1,297,0,44,139000
425,60.0,7,1946,1992,0.0,0,651,682,1389,1,2,240,0,0,135000
426,0.0,7,1989,1989,145.0,1518,1518,0,1644,2,1,569,80,0,275000
427,77.0,4,1957,1957,0.0,288,907,0,907,1,0,352,0,0,109008
428,64.0,7,2007,2007,108.0,664,1208,0,1208,2,0,628,105,54,195400
429,130.0,6,1988,1988,0.0,1005,1392,0,1412,2,1,576,0,0,175000
430,21.0,6,1971,1971,232.0,387,483,504,987,1,0,264,0,0,85400
431,60.0,6,1920,1998,0.0,0,901,110,1198,1,0,0,0,98,79900
432,24.0,5,1971,1971,376.0,471,765,600,1365,1,0,440,240,36,122500
433,100.0,6,1997,1998,0.0,0,926,678,1604,2,1,470,0,36,181000
434,21.0,4,1972,1972,0.0,495,630,0,630,1,0,0,88,0,81000
435,43.0,7,1996,1996,0.0,385,799,834,1661,2,1,550,158,61,212000
436,40.0,6,1920,1950,0.0,0,648,384,1118,1,0,440,0,0,116000
437,50.0,6,1926,2004,0.0,0,884,0,904,1,0,180,0,0,119000
438,40.0,5,1913,2002,0.0,365,440,0,694,1,1,352,0,0,90350
439,67.0,6,1920,2000,0.0,0,684,512,1196,1,0,528,0,46,110000
440,105.0,10,2008,2008,200.0,1767,3094,0,2402,2,2,672,0,72,555000
441,92.0,4,1955,1955,270.0,133,1440,0,1440,2,0,0,0,0,118000
442,52.0,5,1930,1992,0.0,0,1078,445,1573,2,1,360,0,0,162900
443,53.0,7,2006,2007,72.0,0,1258,0,1258,2,1,648,144,16,172500
444,70.0,7,1994,1995,0.0,642,915,975,1908,2,1,493,144,133,210000
445,73.0,6,1956,1956,0.0,0,1436,0,1689,1,1,480,0,0,127500
446,137.0,6,1966,2002,0.0,247,1517,0,1888,2,1,578,0,0,190000
447,0.0,7,1998,1999,0.0,0,930,930,1886,2,1,431,89,0,199900
448,50.0,6,1937,1950,0.0,0,780,596,1376,2,1,198,0,0,119500
449,50.0,3,1948,2002,0.0,331,649,504,1183,1,0,308,0,176,120000
450,70.0,6,1930,2005,0.0,0,813,0,813,1,0,270,0,113,110000
451,62.0,7,1975,1975,0.0,655,1533,0,1533,2,2,576,200,54,280000
452,0.0,6,1996,1997,42.0,742,872,868,1756,2,0,422,144,122,204000
453,75.0,8,2008,2008,0.0,0,768,804,1590,2,0,676,0,30,210000
454,63.0,5,1976,1976,0.0,1606,1728,0,1728,2,0,560,0,0,188000
455,80.0,7,1973,1973,320.0,916,1242,0,1242,1,1,528,0,0,175500
456,34.0,5,1916,1950,0.0,0,624,720,1344,1,0,513,0,0,98000
457,0.0,4,1954,1994,0.0,1116,1364,0,1663,1,2,529,224,137,256000
458,0.0,8,1925,1996,0.0,0,588,833,1666,1,1,228,192,63,161000
459,0.0,5,1950,1950,161.0,185,709,224,1203,1,1,352,0,0,110000
460,75.0,8,2009,2009,110.0,544,832,1103,1935,2,0,552,0,150,263435
461,60.0,7,1936,2007,0.0,350,560,560,1135,1,0,576,256,0,155000
462,60.0,5,1965,1965,0.0,553,864,0,864,1,1,360,0,0,62383
463,74.0,6,1934,1995,0.0,326,715,811,1660,1,1,240,0,0,188700
464,60.0,5,1978,1978,136.0,616,1040,0,1040,2,0,0,0,0,124000
465,0.0,7,2004,2004,18.0,0,1375,0,1414,2,1,398,144,20,178740
466,85.0,7,1970,1970,0.0,778,1277,0,1277,1,1,526,0,0,167000
467,79.0,5,1942,1995,224.0,386,728,756,1644,1,2,312,168,0,146500
468,98.0,8,2006,2006,248.0,0,1626,0,1634,2,1,866,0,44,250000
469,76.0,6,1993,1993,120.0,426,832,878,1710,2,0,506,144,70,187000
470,0.0,8,1985,1985,0.0,368,1488,0,1502,1,0,528,0,54,212000
471,92.0,7,1977,1977,0.0,0,808,808,1969,2,1,534,0,0,190000
472,35.0,6,2005,2005,80.0,459,547,0,1072,1,0,525,0,28,148000
473,110.0,8,2006,2007,304.0,1350,1976,0,1976,2,1,908,250,63,440000
474,41.0,8,2000,2000,0.0,1196,1494,0,1652,2,0,499,96,48,251000
475,80.0,5,1963,1963,0.0,630,970,0,970,1,0,624,0,24,132500
476,75.0,6,1997,1998,215.0,994,1478,0,1493,2,1,508,140,39,208900
477,105.0,9,2006,2006,772.0,0,2153,574,2643,2,1,694,414,84,380000
478,79.0,8,2007,2008,336.0,1288,1705,0,1718,2,1,826,208,44,297000
479,50.0,4,1937,2000,435.0,168,907,0,1131,1,0,672,0,72,89471
480,98.0,9,2004,2005,378.0,1261,1833,0,1850,2,1,772,519,112,326000
481,72.0,9,2003,2004,562.0,1567,1792,0,1792,2,1,874,206,49,374000
482,50.0,7,1915,2005,0.0,299,910,910,1826,1,1,164,0,0,155000
483,32.0,6,1998,1998,116.0,897,1216,0,1216,2,0,402,0,125,164000
484,0.0,5,1962,2001,0.0,588,999,0,999,1,0,264,0,132,132500
485,80.0,5,1950,2007,0.0,607,1113,0,1113,1,1,264,0,80,147000
486,79.0,5,1965,1965,168.0,836,1073,0,1073,1,0,515,0,0,156000
487,70.0,5,1971,1971,0.0,998,1484,0,1484,2,1,487,224,0,175000
488,60.0,5,1900,1970,0.0,664,954,648,2414,2,1,520,142,0,160000
489,21.0,4,1970,2002,0.0,515,630,0,630,1,0,286,0,0,86000
490,0.0,5,1976,1976,0.0,0,264,688,1304,1,1,336,141,24,115000
491,79.0,6,1941,1950,0.0,403,806,620,1578,1,2,240,0,0,133000
492,105.0,6,2006,2006,0.0,0,728,728,1456,2,0,429,0,0,172785
493,70.0,5,1960,1960,0.0,374,1269,0,1269,1,1,308,0,0,155000
494,50.0,5,1938,1996,0.0,0,190,0,886,1,0,273,144,20,91300
495,60.0,4,1920,1950,0.0,495,720,0,720,1,0,0,0,523,34900
496,0.0,8,1992,1993,0.0,1231,3200,0,3228,3,1,546,264,75,430000
497,60.0,7,1925,1950,0.0,329,1026,687,1820,2,0,240,0,100,184000
498,65.0,5,1967,2004,89.0,450,864,0,899,1,0,288,64,0,130000
499,70.0,5,1958,1985,0.0,111,912,0,912,1,0,297,12,285,120000
500,21.0,6,1973,1973,285.0,356,672,546,1218,1,0,264,144,28,113000
501,75.0,7,2005,2005,0.0,400,866,902,1768,2,0,603,0,108,226700
502,70.0,5,1965,1965,0.0,698,1214,0,1214,1,0,461,0,0,140000
503,100.0,7,1959,1997,0.0,1247,1501,0,1801,2,2,484,0,54,289000
504,24.0,6,1974,1974,0.0,257,855,467,1322,2,1,440,260,0,147000
505,60.0,5,1952,1952,360.0,0,960,1000,1960,2,0,400,0,0,124500
506,80.0,8,1993,1994,125.0,380,777,846,1911,2,1,471,182,81,215000
507,75.0,6,2009,2009,0.0,27,1218,0,1218,2,0,676,0,102,208300
508,60.0,7,1928,2005,0.0,141,689,689,1378,2,1,360,0,0,161000
509,80.0,5,1959,1959,132.0,991,1041,0,1041,1,0,270,224,88,124500
510,75.0,5,1951,2000,70.0,650,1008,0,1363,1,2,288,324,42,164900
511,40.0,7,2005,2006,94.0,0,1368,0,1368,2,1,474,132,35,202665
512,70.0,5,1958,1958,0.0,521,864,0,864,1,0,624,0,0,129900
513,71.0,6,1983,1983,0.0,336,1084,0,1080,1,0,484,120,0,134000
514,55.0,5,1926,1950,0.0,0,768,0,789,1,0,200,0,0,96500
515,94.0,10,2009,2009,305.0,1436,2006,0,2020,2,1,900,156,54,402861
516,0.0,6,1972,1972,333.0,0,689,741,2119,2,1,583,0,104,158000
517,79.0,7,1996,1997,921.0,0,1264,1067,2344,2,1,889,220,0,265000
518,0.0,6,1998,1998,0.0,706,794,914,1796,2,0,546,0,36,211000
519,53.0,7,1926,2004,0.0,0,1276,804,2080,1,2,282,0,0,234000
520,60.0,4,1900,2000,0.0,0,0,600,1294,2,0,0,220,114,106250
521,90.0,6,1957,1957,0.0,777,1244,0,1244,1,2,336,0,40,150000
522,50.0,6,1947,1950,0.0,399,1004,660,1664,2,2,420,0,24,159000
523,130.0,10,2007,2008,762.0,2260,3138,1538,4676,3,1,884,208,406,184750
524,95.0,7,1996,1997,594.0,719,1379,1015,2398,2,1,834,239,60,315750
525,62.0,7,2005,2005,0.0,0,1257,0,1266,2,1,453,38,144,176000
526,70.0,5,1956,2000,0.0,377,928,0,928,1,0,252,261,0,132000
527,67.0,9,2008,2008,268.0,1330,1452,1237,2713,2,1,858,126,66,446261
528,58.0,4,1920,2002,0.0,348,528,0,605,1,0,0,0,0,86000
529,0.0,6,1957,1975,0.0,1219,2035,0,2515,3,2,484,0,0,200624
530,85.0,6,1988,1989,219.0,783,1461,0,1509,2,1,600,224,0,175000
531,60.0,6,1920,1999,0.0,0,611,611,1362,2,0,502,0,0,128000
532,60.0,5,1955,2007,0.0,0,0,0,827,1,1,392,0,0,107500
533,50.0,1,1946,1950,0.0,0,0,0,334,1,0,0,0,0,39300
534,74.0,8,2004,2004,0.0,0,707,707,1414,2,1,403,100,35,178000
535,70.0,5,1910,1991,0.0,969,1117,527,1347,1,0,0,85,0,107500
536,57.0,7,1998,1999,0.0,0,880,844,1724,2,0,527,120,155,188000
537,0.0,4,1972,1972,0.0,600,864,0,864,1,0,576,216,0,111250
538,0.0,5,1968,1968,188.0,673,1051,0,1159,1,1,336,466,0,158000
539,0.0,8,2001,2002,479.0,1358,1581,0,1601,2,1,670,180,0,272000
540,85.0,9,2006,2006,584.0,1260,1838,0,1838,2,1,765,270,68,315000
541,0.0,8,2000,2000,72.0,0,969,1288,2285,2,1,648,0,56,248000
542,78.0,7,1998,1999,0.0,144,1650,0,1680,2,1,583,78,73,213250
543,34.0,7,1998,1998,182.0,584,723,0,767,1,0,367,120,40,133000
544,58.0,7,2006,2006,0.0,554,654,832,1496,2,1,426,100,24,179665
545,0.0,7,1988,1988,178.0,1002,1204,806,2183,2,0,786,0,0,229000
546,70.0,6,1923,1950,0.0,300,1065,720,1635,1,1,440,0,38,210000
547,54.0,5,1970,1970,0.0,619,768,0,768,1,0,624,104,0,129500
548,49.0,5,1955,1995,0.0,180,825,0,825,1,0,720,140,50,125000
549,75.0,7,2003,2004,0.0,0,912,1182,2094,2,1,615,182,182,263000
550,53.0,6,1977,1977,0.0,559,1069,0,1069,2,0,440,0,55,140000
551,50.0,5,1957,1957,0.0,308,928,0,928,1,0,288,0,0,112500
552,87.0,8,2006,2006,250.0,0,1709,0,1717,2,1,908,169,39,255500
553,67.0,4,1949,2003,0.0,0,0,0,1126,2,0,520,0,96,108000
554,85.0,7,2003,2004,292.0,866,998,1040,2046,2,1,871,320,62,284000
555,58.0,5,1922,1950,0.0,0,993,0,1048,1,1,280,0,0,113000
556,69.0,5,1957,1957,0.0,895,1092,0,1092,1,1,299,268,0,141000
557,60.0,4,1920,1950,0.0,637,637,439,1336,1,0,570,0,47,108000
558,57.0,7,1996,1997,0.0,604,729,717,1446,2,1,406,264,22,175000
559,0.0,7,2003,2004,18.0,0,1374,0,1557,2,1,420,143,20,234000
560,0.0,5,1957,1996,180.0,1302,1392,0,1392,1,1,528,0,0,121500
561,77.0,5,1974,1975,0.0,1071,1389,0,1389,1,1,418,240,38,170000
562,63.0,5,1940,1969,0.0,290,996,0,996,1,1,0,144,0,108000
563,66.0,6,1918,1950,0.0,0,1163,511,1674,2,1,396,72,36,185000
564,0.0,7,1992,2000,0.0,728,1095,1129,2295,2,1,590,0,40,268000
565,66.0,6,1915,1950,0.0,0,806,806,1647,1,0,216,0,66,128000
566,77.0,9,2005,2007,245.0,0,1122,1370,2504,2,1,656,144,39,325000
567,70.0,7,2004,2004,168.0,2,1517,0,1535,2,0,532,0,0,214000
568,79.0,8,1983,2009,0.0,1441,1496,636,2132,1,1,612,349,40,316600
569,0.0,5,1979,1979,0.0,943,943,0,943,1,2,600,42,0,135960
570,74.0,5,1965,1965,108.0,231,1728,0,1728,2,0,576,0,0,142600
571,60.0,6,1959,1959,207.0,414,864,0,864,1,0,288,168,0,120000
572,83.0,7,2009,2009,0.0,0,846,846,1692,2,0,650,208,114,224500
573,76.0,7,2000,2000,0.0,0,384,656,1430,2,1,400,100,0,170000
574,70.0,5,1971,2005,82.0,349,372,533,1109,1,0,288,35,0,139000
575,80.0,5,1947,1950,0.0,442,832,384,1216,1,0,336,158,0,118500
576,52.0,7,1928,1950,0.0,0,861,600,1477,2,1,216,0,50,145000
577,96.0,5,1966,1966,97.0,328,1164,0,1320,1,2,564,160,68,164500
578,34.0,7,2007,2007,0.0,0,689,689,1392,2,0,540,0,102,146000
579,81.0,5,1954,1954,335.0,0,1050,745,1795,2,0,352,0,0,131500
580,0.0,6,1960,1987,85.0,594,1144,0,1429,1,2,572,216,110,181900
581,98.0,8,2008,2009,306.0,0,2042,0,2042,2,1,1390,0,90,253293
582,81.0,6,1990,1990,104.0,816,816,0,816,1,0,0,0,32,118500
583,75.0,10,1893,2000,0.0,0,1237,1254,2775,3,1,880,105,502,325000
584,51.0,4,1935,1995,0.0,0,884,584,1573,1,0,240,0,0,133000
585,88.0,8,2005,2006,208.0,1460,1868,0,2028,2,2,880,326,66,369900
586,55.0,6,1918,2000,0.0,210,816,0,838,1,0,275,0,0,130000
587,74.0,5,1982,1982,0.0,672,840,0,860,1,0,528,0,0,137000
588,65.0,5,1968,2003,0.0,1324,1437,0,1473,1,2,452,0,48,143000
589,50.0,5,1930,1960,0.0,0,742,0,935,1,0,308,0,0,79500
590,64.0,7,2004,2004,0.0,490,770,812,1582,2,0,520,0,45,185900
591,97.0,10,2008,2008,420.0,1338,1722,568,2296,2,1,842,382,274,451950
592,60.0,5,1982,2003,0.0,816,816,0,816,1,0,816,0,0,138000
593,0.0,6,2003,2003,170.0,685,848,0,848,1,0,420,140,0,140000
594,88.0,5,1975,1975,0.0,0,924,0,924,1,0,280,0,0,110000
595,69.0,8,2005,2006,238.0,1422,1814,0,1826,2,1,758,180,75,319000
596,60.0,6,1910,1993,0.0,0,684,684,1368,1,0,216,0,158,114504
597,53.0,7,2006,2007,72.0,0,1258,0,1402,0,1,648,120,16,194201
598,80.0,5,1977,1977,459.0,1283,1430,0,1647,2,1,621,0,0,217500
599,24.0,6,1980,1980,0.0,81,716,840,1556,2,1,452,161,0,151000
600,74.0,8,2005,2005,280.0,546,1058,846,1904,2,1,736,179,60,275000
601,50.0,6,1937,1950,0.0,0,780,595,1375,1,1,544,0,162,141000
602,80.0,8,1992,1992,0.0,789,908,988,1915,2,1,506,120,150,220000
603,30.0,7,2004,2005,0.0,0,600,600,1200,2,0,480,0,172,151000
604,88.0,7,2002,2002,99.0,922,1494,0,1494,2,1,530,192,36,221000
605,85.0,7,1965,1990,176.0,454,768,800,1986,2,3,486,0,42,205000
606,82.0,5,1996,1996,0.0,732,1040,0,1040,1,0,576,168,0,152000
607,78.0,5,1948,2002,0.0,603,896,896,2008,3,0,230,103,0,225000
608,78.0,8,1934,1998,0.0,428,965,1254,3194,2,2,380,0,0,359100
609,61.0,4,1961,1961,192.0,903,1029,0,1029,1,0,261,64,0,118500
610,0.0,9,2000,2000,204.0,904,1440,677,2153,2,2,736,253,142,313000
611,0.0,6,1978,1978,233.0,605,1032,0,1032,2,1,564,0,0,148000
612,0.0,8,2001,2001,108.0,990,1299,573,1872,2,1,531,160,122,261500
613,70.0,5,2007,2007,0.0,206,1120,0,1120,1,0,0,0,30,147000
614,21.0,4,1972,1972,0.0,150,630,0,630,1,0,0,96,24,75500
615,80.0,6,1963,1963,156.0,763,936,0,1054,1,0,480,120,0,137500
616,0.0,6,2002,2003,0.0,457,783,702,1509,2,1,393,100,75,183200
617,59.0,6,1954,1954,0.0,0,832,0,832,1,0,528,0,0,105500
618,90.0,9,2007,2007,452.0,48,1822,0,1828,2,1,774,0,108,314813
619,85.0,8,2003,2003,226.0,871,1482,780,2262,2,2,749,168,0,305000
620,45.0,3,1914,1950,0.0,41,864,0,864,1,0,0,0,0,67000
621,90.0,6,1974,1997,0.0,956,1522,1066,2614,2,1,624,38,243,240000
622,71.0,5,1977,1977,153.0,560,980,0,980,1,0,484,192,0,135000
623,0.0,6,2000,2000,513.0,420,756,756,1512,2,1,440,0,32,168500
624,80.0,6,1972,1972,288.0,247,732,778,1790,1,1,484,148,0,165150
625,87.0,6,1962,1962,261.0,0,1116,0,1116,1,0,440,0,0,160000
626,0.0,5,1960,1978,0.0,0,978,0,1422,1,1,286,0,0,139900
627,80.0,6,1955,1972,164.0,674,1156,0,1520,1,2,364,0,0,153000
628,70.0,5,1969,1969,192.0,650,1040,1040,2080,1,2,504,335,0,135000
629,82.0,6,1964,1964,259.0,624,1248,0,1350,1,0,520,176,0,168500
630,50.0,5,1880,1991,0.0,0,636,661,1750,1,0,240,0,0,124000
631,34.0,8,2006,2006,108.0,24,1554,0,1554,2,1,627,156,73,209500
632,85.0,7,1977,1977,209.0,822,1386,0,1411,2,1,544,192,0,82500
633,80.0,5,1954,2005,0.0,480,1056,0,1056,1,0,260,390,0,139400
634,64.0,6,1980,1980,0.0,1056,1056,0,1056,0,0,576,264,56,144000
635,60.0,6,1914,1995,0.0,256,1440,1440,3395,2,0,0,0,110,200000
636,51.0,2,1936,1950,0.0,0,264,0,800,1,1,0,0,0,60000
637,50.0,5,1954,1954,0.0,0,811,576,1387,2,0,256,0,0,93000
638,67.0,5,1910,1950,0.0,0,796,0,796,1,0,0,328,0,85000
639,53.0,8,2006,2006,0.0,1154,1520,0,1567,2,1,648,312,0,264561
640,62.0,8,2003,2004,472.0,1218,1518,0,1518,1,1,588,185,140,274000
641,0.0,7,2001,2001,0.0,738,1057,872,1929,2,1,650,0,235,226000
642,75.0,8,1972,1995,0.0,1410,1952,704,2704,2,3,538,269,111,345000
643,80.0,5,1969,1969,263.0,493,780,840,1620,2,0,462,208,0,152000
644,85.0,9,2009,2009,162.0,1121,1766,0,1766,2,1,478,195,130,370878
645,0.0,6,1971,1971,0.0,282,981,0,981,1,0,576,0,312,143250
646,60.0,5,1950,1950,0.0,0,0,0,1048,1,0,420,0,27,98300
647,85.0,6,1953,1953,216.0,500,1094,0,1094,1,2,495,0,0,155000
648,70.0,6,1966,1966,351.0,0,756,788,1839,1,1,442,0,124,155000
649,21.0,4,1970,1970,0.0,131,630,0,630,1,0,0,0,0,84500
650,65.0,7,2007,2007,0.0,0,813,843,1665,2,0,562,0,0,205950
651,60.0,4,1940,1950,0.0,0,755,755,1510,1,1,296,120,0,108000
652,70.0,7,1996,1996,0.0,0,880,807,1716,2,1,512,0,120,191000
653,60.0,6,1906,1995,0.0,0,756,713,1469,1,0,216,57,0,135000
654,91.0,8,1995,1995,660.0,1696,2109,0,2113,2,1,839,236,46,350000
655,21.0,6,1971,1971,381.0,0,525,567,1092,1,0,264,0,0,88000
656,72.0,5,1959,2006,54.0,806,1053,0,1053,1,0,312,0,0,145500
657,60.0,7,1931,2000,0.0,0,776,651,1502,1,1,270,0,0,149000
658,78.0,6,1948,1950,0.0,0,912,546,1458,1,1,330,192,0,97500
659,75.0,5,1964,1999,0.0,637,1486,0,1486,1,0,480,0,0,167000
660,0.0,7,1976,1976,233.0,0,793,793,1935,2,1,550,0,113,197900
661,52.0,8,1994,2005,528.0,1361,1629,762,2448,2,1,711,517,76,402000
662,120.0,6,1968,1968,216.0,0,1392,0,1392,1,2,576,0,0,110000
663,90.0,4,1972,1972,0.0,920,1138,0,1181,2,0,588,0,0,137500
664,49.0,8,2005,2006,0.0,1721,2077,0,2097,1,1,1134,192,267,423000
665,106.0,8,2000,2000,40.0,0,1406,482,1936,2,1,504,188,124,230500
666,0.0,6,1965,1979,113.0,187,1021,915,2380,2,1,596,0,265,129000
667,65.0,6,1994,1998,258.0,1138,1408,0,1679,2,1,575,224,42,193500
668,0.0,5,1956,1987,0.0,988,1188,0,1437,1,1,576,304,0,168000
669,80.0,4,1922,1950,0.0,0,700,0,1180,1,1,252,0,0,137500
670,64.0,6,2005,2005,0.0,193,738,738,1476,2,0,540,100,35,173500
671,54.0,6,1925,1950,0.0,551,672,672,1369,2,0,300,147,0,103600
672,0.0,6,1977,1977,0.0,767,1208,0,1208,1,1,546,198,42,165000
673,110.0,6,1957,2004,106.0,1186,1477,0,1839,2,2,416,0,87,257500
674,80.0,6,1965,1965,0.0,892,1136,0,1136,1,1,384,426,0,140000
675,24.0,6,1978,1978,0.0,311,855,586,1441,2,1,440,28,0,148500
676,60.0,4,1900,1950,0.0,0,1095,679,1774,2,0,779,0,0,87000
677,52.0,5,1924,2006,0.0,0,768,0,792,1,0,240,316,0,109500
678,80.0,8,2008,2008,464.0,0,2046,0,2046,2,1,834,322,82,372500
679,0.0,5,1961,1961,57.0,827,988,0,988,1,0,572,0,0,128500
680,50.0,6,1980,1980,0.0,543,923,0,923,2,1,264,80,0,143000
681,55.0,5,1932,2000,0.0,182,793,672,1520,1,0,281,0,0,159434
682,0.0,6,1996,1997,0.0,1003,1291,0,1291,1,1,431,307,0,173000
683,90.0,9,2002,2002,215.0,1059,1626,0,1668,2,1,702,257,45,285000
684,58.0,7,1998,1998,30.0,0,1195,644,1839,2,0,486,0,81,221000
685,0.0,7,1984,1984,0.0,828,1190,900,2090,2,1,577,219,0,207500
686,84.0,7,2007,2007,0.0,0,874,887,1761,3,0,578,144,105,227875
687,0.0,7,2004,2004,0.0,239,551,551,1102,2,0,480,0,60,148800
688,60.0,8,2007,2007,0.0,945,1419,0,1419,2,1,567,140,0,392000
689,61.0,6,2005,2006,256.0,20,1362,0,1362,2,1,460,192,28,194700
690,0.0,6,2004,2004,147.0,697,848,0,848,1,1,420,149,0,141000
691,104.0,10,1994,1995,1170.0,1455,2444,1872,4316,3,2,832,382,50,755000
692,42.0,7,1989,1990,293.0,965,1210,1281,2519,2,2,628,320,27,335000
693,60.0,5,1921,1968,0.0,0,1073,0,1073,1,0,326,0,0,108480
694,51.0,5,1936,1950,0.0,0,927,472,1539,1,0,576,112,0,141500
695,54.0,6,1987,1987,72.0,980,1112,0,1137,2,1,551,125,0,176000
696,50.0,5,1921,1950,0.0,616,616,0,616,1,0,205,0,0,89000
697,57.0,5,1952,1952,0.0,210,980,0,1148,1,0,308,0,0,123500
698,65.0,5,1965,2009,0.0,553,894,0,894,1,1,336,416,144,138500
699,59.0,7,2004,2004,0.0,16,1391,0,1391,2,0,530,156,158,196000
700,85.0,8,2002,2002,630.0,1274,1800,0,1800,2,1,765,270,78,312500
701,80.0,7,1969,1969,168.0,0,1164,0,1164,1,0,528,0,0,140000
702,82.0,8,2006,2006,466.0,0,1234,1312,2576,2,1,666,324,100,361919
703,76.0,5,1900,1996,0.0,0,360,780,1812,2,1,672,344,0,140000
704,70.0,7,2004,2005,109.0,712,1473,0,1484,2,0,606,0,35,213000
705,70.0,4,1930,1950,0.0,0,0,720,1092,2,0,0,0,0,55000
706,0.0,7,1971,2002,351.0,1219,1643,0,1824,2,2,739,380,48,302000
707,48.0,8,2006,2006,176.0,863,1324,0,1324,2,1,550,192,38,254000
708,65.0,7,2007,2007,0.0,0,728,728,1456,2,1,400,100,24,179540
709,0.0,5,1966,1966,41.0,0,876,0,904,1,0,408,0,0,109900
710,56.0,3,1935,2003,0.0,0,270,0,729,1,0,0,0,0,52000
711,66.0,4,1900,1950,0.0,0,859,319,1178,1,0,384,68,0,102776
712,40.0,8,1988,1989,0.0,767,1228,0,1228,2,1,472,168,120,189000
713,60.0,4,1970,1970,160.0,789,960,0,960,1,0,576,0,288,129000
714,0.0,6,1976,2005,289.0,533,725,754,1479,2,0,475,0,44,130500
715,78.0,6,1974,1974,174.0,0,1064,0,1350,2,1,478,0,0,165000
716,60.0,7,1890,1998,0.0,0,718,978,2554,1,0,704,0,48,159500
717,80.0,5,1973,2000,0.0,1084,1176,0,1178,1,1,439,224,0,157000
718,96.0,7,1993,1994,651.0,1173,1311,1093,2418,2,1,983,250,154,341000
719,69.0,5,1969,1969,0.0,523,971,0,971,1,1,300,0,0,128500
720,0.0,8,1985,1985,0.0,1148,1742,0,1742,2,1,564,114,28,275000
721,0.0,6,2004,2004,169.0,662,848,0,848,1,0,420,160,0,143000
722,70.0,4,1970,1970,0.0,191,864,0,864,1,0,463,0,0,124500
723,60.0,4,1954,1972,0.0,0,941,473,1470,2,0,548,0,0,135000
724,86.0,9,2007,2008,340.0,1234,1698,0,1698,2,1,768,327,64,320000
725,60.0,4,1970,1970,0.0,375,864,0,864,1,0,660,96,0,120500
726,0.0,6,1988,2007,260.0,808,880,0,1680,2,1,540,292,44,222000
727,64.0,7,2007,2007,82.0,724,1232,0,1232,2,0,632,132,0,194500
728,85.0,5,1958,1958,95.0,0,1584,0,1776,2,0,888,0,25,110000
729,52.0,4,1925,1950,0.0,152,780,0,1208,1,0,539,0,23,103000
730,39.0,8,1995,1996,0.0,1180,1595,0,1616,2,1,608,237,152,236500
731,73.0,7,2003,2003,442.0,786,868,0,1146,2,1,438,160,22,187500
732,75.0,7,1998,1999,202.0,252,1153,878,2031,2,1,541,192,84,222500
733,80.0,5,1961,1983,0.0,594,864,0,1144,1,1,264,165,0,131400
734,0.0,5,1968,1968,0.0,0,948,0,948,1,0,300,147,0,108000
735,60.0,7,1914,1970,0.0,390,880,888,1768,1,2,320,0,341,163000
736,60.0,3,1950,1950,0.0,0,0,0,1040,2,0,400,0,0,93500
737,72.0,8,2005,2005,0.0,0,893,900,1801,2,1,800,0,116,239900
738,60.0,5,1987,1988,0.0,1200,1200,0,1200,3,0,0,120,0,179000
739,65.0,7,2004,2004,0.0,0,864,864,1728,2,0,572,187,56,190000
740,60.0,5,1910,2002,0.0,0,264,664,1432,2,0,360,270,0,132000
741,65.0,6,1961,1996,0.0,832,912,0,912,1,0,288,168,0,142000
742,65.0,7,2000,2001,108.0,0,1349,0,1349,2,0,539,120,55,179000
743,70.0,5,1963,1999,0.0,444,520,0,1464,2,1,480,302,0,175000
744,41.0,8,1993,1993,0.0,733,1337,0,1337,2,1,462,96,0,180000
745,0.0,8,1976,1996,289.0,575,1142,1540,2715,3,2,831,0,204,299800
746,0.0,7,2000,2000,0.0,300,952,1276,2256,2,1,554,224,54,236000
747,65.0,7,1880,2003,0.0,0,1240,1320,2640,1,1,864,181,0,265979
748,59.0,7,1996,1996,338.0,919,1720,0,1720,2,1,527,240,56,260400
749,50.0,4,1945,1950,0.0,0,0,441,1529,2,0,240,92,0,98000
750,55.0,4,1910,2004,0.0,0,576,348,1140,1,0,0,0,160,96500
751,0.0,7,2003,2003,0.0,0,660,660,1320,2,0,400,0,48,162000
752,79.0,6,1997,1997,0.0,1200,1479,0,1494,2,0,576,168,27,217000
753,80.0,8,2005,2005,178.0,0,1030,1060,2098,2,1,878,192,52,275500
754,61.0,6,1969,2005,0.0,439,1026,0,1026,1,0,440,171,48,156000
755,34.0,6,1999,1999,894.0,381,729,729,1471,2,0,440,0,24,172500
756,68.0,8,2007,2007,0.0,20,866,902,1768,2,0,578,144,105,212000
757,0.0,6,1978,1978,328.0,438,672,714,1386,2,1,440,335,0,158900
758,24.0,7,1999,1999,360.0,549,744,744,1501,2,0,440,0,0,179400
759,65.0,8,1995,1995,513.0,56,1318,1203,2531,2,1,752,222,98,290000
760,70.0,6,1959,1959,0.0,612,864,0,864,1,0,300,0,0,127500
761,60.0,5,1924,1950,0.0,405,1145,0,1301,1,0,440,0,0,100000
762,72.0,7,2009,2009,0.0,24,756,783,1547,2,0,614,169,45,215200
763,82.0,8,1999,1999,673.0,1163,1252,1097,2365,2,1,856,0,128,337000
764,30.0,8,1995,1996,0.0,437,1494,0,1494,1,1,481,0,30,270000
765,75.0,9,2008,2008,284.0,0,1498,0,1506,2,1,592,0,174,264132
766,80.0,7,1988,1988,42.0,394,980,734,1714,2,1,496,228,66,196500
767,75.0,6,1940,1985,0.0,660,983,767,1750,2,0,423,245,0,160000
768,70.0,7,2004,2005,0.0,24,1860,0,1836,2,1,484,120,33,216837
769,47.0,8,2003,2003,603.0,1416,1650,1589,3279,3,1,841,503,36,538000
770,0.0,5,1982,1982,0.0,685,858,0,858,1,0,576,120,0,134900
771,67.0,4,1951,1951,0.0,836,836,0,1220,1,0,396,0,0,102000
772,94.0,6,1976,1976,0.0,422,1029,0,1117,1,1,672,144,0,107000
773,70.0,5,1958,1958,1.0,456,912,0,912,1,0,275,0,0,114500
774,110.0,8,2006,2006,375.0,0,1935,0,1973,2,1,895,315,45,395000
775,32.0,6,1998,1998,320.0,866,1204,0,1204,2,0,412,0,247,162000
776,86.0,7,2005,2006,240.0,20,1614,0,1614,2,0,865,144,59,221500
777,100.0,5,1974,1974,0.0,762,864,0,894,1,1,440,241,0,142500
778,60.0,5,1977,1977,320.0,0,0,0,2020,2,2,630,0,0,144000
779,78.0,6,1977,1977,90.0,975,975,0,1004,1,0,504,0,0,135000
780,63.0,7,1995,1996,38.0,0,1237,0,1253,2,1,402,220,21,176000
781,65.0,6,1992,1992,0.0,387,761,793,1603,2,0,484,0,124,175900
782,67.0,7,2001,2002,0.0,0,1413,0,1430,2,0,605,0,33,187100
783,0.0,5,1978,1978,104.0,1097,1097,0,1110,1,1,602,303,30,165500
784,35.0,6,1914,2001,0.0,0,742,742,1484,2,1,0,0,291,128000
785,0.0,6,1967,1967,0.0,251,1372,0,1342,2,1,457,0,0,161500
786,60.0,5,1915,1950,0.0,686,686,686,1652,2,0,416,0,0,139000
787,76.0,7,2004,2004,0.0,656,956,1128,2084,2,0,618,0,45,233000
788,50.0,4,1954,2000,0.0,0,901,0,901,1,0,281,0,0,107900
789,0.0,6,1966,2007,157.0,568,832,1111,2087,2,0,444,133,168,187500
790,43.0,7,2005,2006,11.0,16,1145,0,1145,2,1,397,100,16,160200
791,0.0,6,1976,1976,0.0,539,1029,0,1062,1,2,539,120,0,146800
792,92.0,7,1996,1997,0.0,862,1117,886,2013,2,1,455,180,130,269790
793,76.0,8,2007,2007,140.0,0,1496,0,1496,2,0,474,168,130,225000
794,0.0,7,1994,1996,0.0,0,712,809,1895,2,1,409,143,46,194500
795,70.0,6,1980,1981,130.0,0,650,676,1564,2,1,476,0,50,171000
796,71.0,6,1977,1977,148.0,0,660,0,1285,1,1,528,138,0,143500
797,57.0,5,1953,1953,0.0,570,773,0,773,1,0,240,0,0,110000
798,104.0,9,2008,2009,860.0,0,1926,1174,3140,3,2,820,144,78,485000
799,60.0,5,1937,1950,252.0,569,731,787,1768,1,2,240,0,0,175000
800,79.0,6,1997,1997,0.0,462,616,1072,1688,2,0,603,403,114,200000
801,40.0,4,1916,1990,0.0,197,1196,0,1196,1,0,440,0,0,109900
802,63.0,7,2005,2005,0.0,648,728,728,1456,2,1,410,36,18,189000
803,107.0,9,2008,2009,424.0,0,1734,1088,2822,3,1,1020,52,170,582933
804,75.0,5,1954,1954,0.0,812,936,0,1128,1,0,286,0,0,118000
805,91.0,7,2008,2008,256.0,0,1417,0,1428,2,0,554,0,60,227680
806,75.0,5,1967,1967,0.0,400,980,0,980,2,0,384,68,0,135500
807,144.0,5,1923,2004,0.0,1309,1324,504,1576,1,1,528,0,312,223500
808,85.0,5,1966,1966,1047.0,516,1024,0,1086,1,1,484,0,0,159950
809,90.0,5,1898,1965,0.0,0,849,1063,2138,2,0,360,40,156,106000
810,78.0,6,1974,1999,99.0,663,1040,0,1309,1,1,484,265,0,181000
811,0.0,6,2004,2004,169.0,662,848,0,848,1,1,420,140,0,144500
812,66.0,5,1952,1952,0.0,0,540,0,1044,1,0,504,0,0,55993
813,75.0,6,1958,1958,243.0,608,1442,0,1442,1,0,301,0,0,157900
814,45.0,5,1918,1950,0.0,0,686,564,1250,1,0,280,207,0,116000
815,48.0,7,1998,1998,442.0,0,1649,0,1661,2,0,598,0,34,224900
816,0.0,5,1954,1954,0.0,486,1008,0,1008,1,1,275,0,0,137000
817,0.0,8,2002,2002,148.0,1218,1568,0,1689,2,2,857,150,59,271000
818,80.0,6,1971,1971,80.0,504,1010,0,1052,1,0,440,0,0,155000
819,44.0,7,2009,2010,128.0,733,1358,0,1358,2,1,484,192,35,224000
820,72.0,7,2003,2003,0.0,0,798,842,1640,2,0,595,0,45,183000
821,60.0,4,1953,1953,0.0,0,936,0,936,1,0,576,0,32,93000
822,0.0,7,2003,2003,0.0,0,847,886,1733,2,1,433,100,48,225000
823,60.0,6,1940,1950,0.0,0,778,545,1489,2,1,240,335,0,139500
824,81.0,8,2006,2006,0.0,0,1489,0,1489,2,1,776,0,140,232600
825,114.0,10,2007,2008,816.0,1636,2078,0,2084,2,1,1220,188,45,385000
826,50.0,5,1924,1950,0.0,784,784,0,784,1,0,0,0,0,109500
827,65.0,7,2001,2001,0.0,20,1454,0,1434,2,1,527,290,39,189000
828,0.0,5,1967,1967,0.0,249,1013,966,2126,2,0,538,486,0,185000
829,24.0,7,2005,2005,0.0,0,600,623,1223,2,0,480,0,166,147400
830,80.0,6,1957,1957,387.0,1040,1392,0,1392,1,2,458,0,0,166000
831,30.0,7,2005,2005,0.0,0,600,600,1200,2,0,480,0,166,151000
832,44.0,7,2003,2003,223.0,483,941,888,1829,2,1,613,192,39,237000
833,100.0,6,1964,1964,180.0,196,1516,0,1516,1,0,472,0,0,167000
834,75.0,5,1961,1961,136.0,572,1144,0,1144,1,0,456,0,0,139950
835,60.0,4,1950,1995,0.0,442,1067,0,1067,2,0,436,290,0,128000
836,90.0,5,1948,1973,0.0,338,1559,0,1559,1,0,812,0,116,153500
837,21.0,6,1973,1973,158.0,330,483,504,987,1,0,264,0,0,100000
838,75.0,5,1995,2006,0.0,0,1099,0,1099,1,0,352,278,0,144000
839,70.0,5,1946,1995,0.0,352,768,432,1200,1,0,240,0,0,130500
840,0.0,6,1925,1950,0.0,156,672,672,1482,2,0,400,0,0,140000
841,60.0,5,1904,2002,0.0,0,650,581,1539,2,1,686,70,78,157500
842,82.0,6,1966,1966,183.0,312,1127,0,1165,1,0,490,0,129,174900
843,80.0,5,1961,1961,0.0,0,1800,0,1800,2,0,0,0,0,141000
844,100.0,5,1915,1950,0.0,0,876,540,1416,1,1,720,418,0,153900
845,0.0,5,1975,1981,0.0,1390,1390,0,1701,2,2,611,0,0,171000
846,75.0,7,1993,1993,137.0,513,740,769,1775,2,1,425,234,72,213000
847,36.0,5,1972,1972,0.0,460,864,0,864,1,1,338,0,0,133500
848,75.0,6,1908,1997,0.0,0,907,1051,2358,3,1,360,486,40,240000
849,80.0,6,1976,1994,360.0,0,528,761,1855,2,1,512,113,100,187000
850,36.0,6,2003,2003,170.0,659,848,0,848,1,0,420,140,0,131500
851,0.0,8,2003,2003,40.0,0,1273,0,1456,2,1,400,143,20,215000
852,53.0,7,1941,1950,0.0,364,918,728,1646,2,2,240,0,0,164000
853,0.0,6,1964,1964,115.0,564,1127,0,1445,1,1,645,180,0,158000
854,102.0,5,1955,1974,0.0,306,1763,0,1779,1,1,454,0,418,170000
855,0.0,5,1962,2010,0.0,659,1040,0,1040,1,0,260,0,104,127000
856,0.0,6,1978,1978,0.0,505,940,0,1026,1,0,576,0,0,147000
857,65.0,6,1994,1995,0.0,0,702,779,1481,2,1,343,0,36,174000
858,80.0,7,1976,1976,189.0,0,1090,0,1370,2,1,479,0,0,152000
859,0.0,6,1968,1984,220.0,619,1054,1142,2654,2,1,619,0,65,250000
860,55.0,7,1918,1998,0.0,0,912,514,1426,1,1,216,0,240,189950
861,75.0,5,1965,1965,0.0,841,1039,0,1039,1,0,504,0,0,131500
862,81.0,6,1984,1985,0.0,338,1040,0,1097,2,0,480,0,0,152000
863,70.0,5,1959,1959,0.0,1148,1148,0,1148,1,0,672,0,0,132500
864,72.0,7,2007,2008,0.0,0,1372,0,1372,2,0,529,0,140,250580
865,0.0,5,1970,1970,76.0,828,1002,0,1002,1,0,902,0,0,148500
866,67.0,8,2006,2007,274.0,0,1638,0,1646,2,1,870,192,80,248900
867,85.0,4,1961,1961,0.0,932,1040,0,1120,1,0,544,168,0,129000
868,0.0,5,1948,1950,0.0,0,0,720,2320,2,1,672,120,144,169000
869,80.0,7,1993,1994,246.0,750,1050,887,1949,2,1,574,156,90,236000
870,60.0,5,1962,1962,0.0,0,894,0,894,1,0,308,0,0,109500
871,70.0,6,1998,1998,116.0,505,804,878,1682,2,0,523,0,77,200500
872,74.0,5,1953,1996,0.0,0,105,0,910,1,0,414,196,0,116000
873,60.0,5,1949,1950,0.0,375,832,0,1268,1,1,288,0,28,133000
874,52.0,5,1941,1950,0.0,0,676,455,1131,1,0,200,26,0,66500
875,75.0,8,2007,2007,0.0,64,1184,1426,2610,2,1,550,208,364,303477
876,94.0,4,1963,1963,0.0,633,1064,0,1040,1,0,648,0,0,132250
877,74.0,9,2004,2005,216.0,1170,1462,762,2224,2,1,738,184,0,350000
878,88.0,5,1961,1995,0.0,899,1109,0,1155,1,0,576,192,0,148000
879,0.0,5,1978,2005,90.0,646,864,0,864,1,0,336,0,0,136500
880,60.0,5,2005,2006,0.0,980,1090,0,1090,1,0,450,0,49,157000
881,44.0,7,1990,1991,117.0,902,1156,530,1717,2,1,400,168,36,187500
882,0.0,6,1992,1993,0.0,0,808,785,1593,2,1,389,342,40,178000
883,60.0,4,1912,1950,0.0,0,795,795,2230,1,0,440,0,188,118500
884,65.0,5,1967,1967,60.0,432,892,0,892,1,0,288,0,0,100000
885,50.0,9,1999,2000,60.0,1238,1698,0,1709,2,1,506,97,65,328900
886,70.0,5,1959,2005,122.0,528,1626,0,1712,2,0,588,272,54,145000
887,59.0,5,1955,1955,0.0,0,816,521,1393,1,0,300,121,0,135500
888,95.0,8,1970,1970,0.0,351,2217,0,2217,2,1,621,81,207,268000
889,128.0,6,1953,1953,90.0,1024,1505,0,1505,1,1,505,0,0,149500
890,60.0,5,1949,2006,0.0,0,672,252,924,1,1,576,0,0,122900
891,70.0,6,1978,1978,92.0,226,918,765,1683,2,1,440,243,0,172500
892,70.0,6,1963,2003,0.0,663,1059,0,1068,1,0,264,192,0,154500
893,0.0,5,1954,1954,0.0,1064,1383,0,1383,1,1,354,511,116,165000
894,64.0,5,1979,1979,0.0,0,0,0,1535,2,0,400,0,0,118858
895,71.0,6,1963,1963,415.0,400,780,813,1796,1,1,483,0,50,140000
896,50.0,4,1936,1950,0.0,285,951,0,951,1,0,327,0,28,106500
897,64.0,5,1979,1979,0.0,0,0,1120,2240,2,0,528,154,0,142953
898,100.0,9,2009,2010,760.0,2188,2330,0,2364,2,2,820,0,67,611657
899,65.0,5,1961,1994,0.0,465,912,0,1236,1,1,288,0,0,135000
900,0.0,4,1971,1971,0.0,322,858,0,858,1,0,684,0,0,110000
901,64.0,5,1957,2000,0.0,860,992,0,1306,1,0,756,0,0,153000
902,63.0,7,2003,2003,0.0,0,783,702,1509,2,1,393,0,75,180000
903,50.0,7,2006,2006,27.0,0,1670,0,1670,2,1,690,144,60,240000
904,0.0,5,1967,1967,75.0,599,876,0,902,1,0,288,0,0,125500
905,80.0,5,1954,1954,110.0,354,1056,0,1063,1,0,280,0,0,128000
906,116.0,8,2006,2006,208.0,63,1623,0,1636,2,1,865,0,60,255000
907,86.0,7,1936,1987,0.0,223,1017,1037,2057,1,1,180,0,0,250000
908,0.0,5,1983,1983,0.0,301,864,0,902,1,0,484,164,0,131000
909,149.0,6,2005,2005,0.0,0,742,742,1484,2,1,390,36,24,174000
910,80.0,5,1960,1960,361.0,443,1105,1169,2274,2,0,480,0,0,154300
911,0.0,5,1977,1989,0.0,196,1268,0,1268,1,0,252,173,0,143500
912,51.0,5,1925,1950,0.0,489,768,0,1015,1,0,450,0,0,88000
913,82.0,5,1949,1950,0.0,284,1001,1001,2002,2,0,871,0,0,145000
914,30.0,6,2009,2009,76.0,294,612,612,1224,2,0,528,0,234,173733
915,21.0,4,1970,1970,80.0,0,546,546,1092,1,0,286,0,0,75000
916,50.0,2,1949,1950,0.0,50,480,0,480,0,0,308,0,0,35311
917,0.0,4,1956,1956,0.0,1059,1134,0,1229,1,0,284,0,0,135000
918,103.0,7,1991,1991,0.0,48,1104,1215,2127,2,1,833,72,192,238000
919,87.0,6,1958,2002,0.0,528,1184,0,1414,1,1,601,0,51,176500
920,70.0,6,1994,1994,105.0,814,928,785,1721,2,0,471,300,87,201000
921,67.0,5,1900,2003,0.0,1084,1272,928,2200,2,0,0,0,70,145900
922,65.0,6,2005,2006,0.0,28,1316,0,1316,2,1,397,100,0,169990
923,50.0,6,1993,1994,0.0,165,1604,0,1617,2,1,533,0,69,193000
924,79.0,6,1980,1980,157.0,625,1686,0,1686,2,1,612,384,131,207500
925,0.0,5,1977,1977,0.0,767,1126,0,1126,2,0,540,180,0,175000
926,93.0,8,2003,2004,340.0,0,1181,1140,2374,2,1,656,104,100,285000
927,0.0,7,1968,1968,342.0,552,832,880,1978,2,1,486,0,43,176000
928,0.0,8,2001,2001,0.0,0,1753,0,1788,2,1,522,202,151,236500
929,0.0,7,1997,1997,285.0,0,964,1243,2236,2,1,642,0,0,222000
930,73.0,8,2007,2007,0.0,16,1466,0,1466,2,0,610,100,18,201000
931,70.0,5,1965,1965,0.0,338,925,0,925,1,0,429,0,0,117500
932,84.0,9,2006,2006,302.0,0,1905,0,1905,2,1,788,0,191,320000
933,63.0,7,2004,2004,210.0,20,1500,0,1500,2,0,570,192,36,190000
934,313.0,7,1960,2007,0.0,425,585,0,2069,2,1,505,0,0,242000
935,52.0,4,1926,1953,108.0,0,600,0,747,1,0,528,0,0,79900
936,67.0,7,2003,2003,0.0,833,1176,0,1200,2,0,555,0,41,184900
937,75.0,7,2005,2005,0.0,341,1113,858,1971,2,1,689,0,48,253000
938,73.0,7,2006,2006,0.0,464,1391,571,1962,2,0,868,0,90,239799
939,0.0,7,1940,1950,0.0,0,1032,1196,2403,2,2,349,56,0,244400
940,55.0,6,1976,1976,0.0,936,1728,0,1728,2,0,574,40,0,150900
941,0.0,7,1999,1999,298.0,772,992,1038,2060,2,1,390,0,0,214000
942,42.0,4,1977,1977,0.0,1440,1440,0,1440,2,0,0,321,0,150000
943,100.0,5,1967,1967,0.0,0,1632,0,1632,2,0,576,0,0,143000
944,0.0,6,1958,1958,541.0,111,819,0,1344,1,1,525,0,118,137500
945,98.0,5,1890,1996,0.0,1088,1088,561,1869,1,0,456,48,0,124900
946,70.0,5,1959,1959,128.0,748,1144,0,1144,1,1,796,86,0,143000
947,85.0,8,2002,2003,236.0,1300,1616,0,1629,2,1,808,0,252,270000
948,65.0,7,2002,2002,144.0,0,936,840,1776,2,1,474,144,96,192500
949,78.0,6,1972,2006,0.0,982,1161,0,1381,1,1,676,0,0,197500
950,60.0,5,1950,2002,0.0,398,864,0,864,1,0,720,194,0,129000
951,60.0,5,1965,1965,0.0,641,828,0,965,1,0,300,421,0,119900
952,60.0,5,1972,2003,0.0,660,768,0,768,1,0,396,192,0,133900
953,0.0,5,1969,1969,232.0,562,784,800,1968,2,1,530,305,189,172000
954,35.0,6,1975,1975,250.0,945,945,0,980,2,0,0,0,0,127500
955,82.0,6,1946,1950,423.0,484,979,979,1958,2,0,492,0,0,145000
956,24.0,6,1980,1980,0.0,285,561,668,1229,1,1,462,150,0,124000
957,70.0,5,1962,1962,0.0,417,1057,0,1057,1,0,576,0,0,132000
958,65.0,7,2003,2003,0.0,699,1337,0,1337,2,0,531,0,39,185000
959,24.0,7,1999,1999,0.0,604,696,720,1416,2,0,484,0,44,155000
960,50.0,5,1958,2008,0.0,696,858,0,858,1,0,0,117,0,116500
961,0.0,6,1977,1995,424.0,896,1330,1330,2872,2,1,619,550,282,272000
962,24.0,6,1976,1976,0.0,556,804,744,1548,2,1,440,48,0,155000
963,122.0,9,2007,2007,0.0,0,1800,0,1800,2,0,702,288,136,239000
964,80.0,7,2002,2003,44.0,624,817,1070,1894,2,1,510,0,40,214900
965,65.0,6,2005,2007,0.0,0,783,701,1484,2,1,393,0,72,178900
966,130.0,5,1940,1950,0.0,428,728,332,1308,1,2,256,0,70,160000
967,0.0,5,1955,1955,151.0,902,1098,0,1098,1,0,260,0,0,135000
968,50.0,3,1910,1950,0.0,0,600,368,968,1,0,0,0,0,37900
969,75.0,6,1958,1958,105.0,513,588,0,1095,1,0,264,0,0,140000
970,60.0,4,1949,1950,0.0,0,720,472,1192,1,0,0,0,0,135000
971,36.0,7,2003,2004,106.0,567,764,862,1626,2,0,474,0,27,173000
972,55.0,6,1979,1979,0.0,0,918,0,918,2,1,264,28,0,99500
973,95.0,7,2007,2008,0.0,0,1428,0,1428,2,0,480,0,120,182000
974,60.0,7,1910,1993,0.0,0,728,883,2019,1,0,532,509,135,167500
975,0.0,7,2000,2000,0.0,641,673,709,1382,2,0,490,153,50,165000
976,51.0,4,1923,1958,0.0,0,440,0,869,1,0,0,0,0,85500
977,35.0,7,2006,2007,0.0,1106,1241,0,1241,1,0,569,0,116,199900
978,68.0,4,1954,1954,0.0,552,894,0,894,1,0,400,0,0,110000
979,80.0,5,1963,1963,0.0,651,1121,0,1121,1,0,480,0,80,139000
980,0.0,7,1961,2007,210.0,867,944,0,999,1,0,588,144,76,178400
981,98.0,8,1998,1999,975.0,854,1225,1336,2612,2,1,676,250,0,336000
982,43.0,7,2007,2007,16.0,0,1266,0,1266,2,1,388,100,16,159895
983,0.0,8,2002,2002,0.0,0,1128,1141,2290,2,1,779,0,0,255900
984,75.0,5,1977,1977,0.0,0,0,432,1734,2,0,539,0,0,126000
985,68.0,5,1950,1950,0.0,1040,1164,0,1164,1,0,240,0,48,125000
986,59.0,6,1910,2003,0.0,0,485,634,1635,1,0,255,394,0,117000
987,83.0,9,2009,2010,450.0,1646,1930,0,1940,2,1,606,168,95,395192
988,0.0,6,1976,1976,298.0,156,848,912,2030,2,1,551,0,224,195000
989,65.0,7,2006,2006,0.0,0,770,798,1576,2,0,614,0,50,197000
990,82.0,8,1997,1998,423.0,1074,1396,985,2392,2,1,870,0,70,348000
991,121.0,8,1882,1986,0.0,216,916,826,1742,1,1,424,0,169,168000
992,80.0,6,1964,1993,340.0,536,822,831,1851,2,1,440,239,42,187000
993,68.0,6,2005,2006,0.0,0,750,750,1500,2,0,564,0,35,173900
994,96.0,10,2006,2007,230.0,1172,1700,0,1718,2,1,786,216,48,337500
995,51.0,4,1946,1950,0.0,384,747,456,1230,1,0,305,0,57,121600
996,0.0,5,1961,1961,0.0,915,1050,0,1050,1,0,368,0,319,136500
997,0.0,6,1970,1970,571.0,0,1442,0,1442,2,1,615,371,0,185000
998,60.0,3,1922,1950,0.0,0,1007,0,1077,1,1,210,0,100,91000
999,64.0,7,2006,2006,24.0,686,1187,0,1208,2,0,632,105,61,206000
1000,74.0,3,1952,1952,0.0,0,0,0,944,1,0,528,0,0,82000
1001,60.0,5,1920,1950,0.0,0,691,0,691,1,0,216,0,20,86000
1002,75.0,8,2006,2006,53.0,24,1574,0,1574,2,1,824,144,104,232000
1003,0.0,5,1976,1976,164.0,0,1680,0,1680,2,0,528,0,0,136905
1004,43.0,7,2005,2006,16.0,16,1346,0,1504,2,1,457,156,0,181000
1005,65.0,5,1977,1977,220.0,595,985,0,985,2,0,328,210,0,149900
1006,0.0,6,1970,1970,0.0,1237,1657,0,1657,2,1,484,0,0,163500
1007,21.0,4,1970,1970,0.0,273,546,546,1092,1,0,286,238,0,88000
1008,43.0,7,2004,2005,108.0,0,1710,0,1710,2,1,550,100,48,240000
1009,60.0,5,1926,1950,0.0,0,1008,0,1522,2,0,0,0,0,102000
1010,115.0,5,1948,1950,0.0,0,720,551,1271,2,1,312,0,0,135000
1011,75.0,5,1965,1965,0.0,0,0,0,1664,2,0,0,0,0,100000
1012,55.0,6,1923,1996,0.0,0,602,602,1502,1,2,180,96,0,165000
1013,60.0,5,1910,2006,0.0,247,1022,0,1022,1,0,280,0,30,85000
1014,60.0,6,1948,1950,206.0,336,1082,0,1082,1,1,240,0,130,119200
1015,70.0,8,2001,2001,0.0,643,810,855,1665,2,0,528,0,45,227000
1016,73.0,7,1996,1996,196.0,690,1504,0,1504,2,1,478,115,66,203000
1017,0.0,8,1984,1984,0.0,1036,1220,0,1360,1,1,565,63,0,187500
1018,0.0,7,1991,1992,76.0,0,384,670,1472,2,1,402,164,0,160000
1019,43.0,7,2005,2005,145.0,16,1362,0,1506,2,1,440,142,20,213490
1020,60.0,4,2005,2005,0.0,1024,1132,0,1132,1,0,451,252,64,176000
1021,64.0,7,2006,2006,84.0,684,1199,0,1220,2,0,632,105,54,194000
1022,52.0,5,1930,1950,0.0,324,912,336,1248,1,0,160,0,0,87000
1023,43.0,7,2005,2006,14.0,16,1346,0,1504,2,1,437,156,20,191000
1024,0.0,8,1976,1976,0.0,1165,1565,0,2898,2,1,665,0,72,287000
1025,70.0,5,1972,1972,0.0,138,882,0,882,1,0,461,96,0,112500
1026,73.0,5,1960,1960,324.0,697,1268,0,1264,1,2,461,0,0,167500
1027,71.0,8,2007,2008,338.0,1513,1638,0,1646,2,1,800,192,44,293077
1028,79.0,5,1941,1950,0.0,368,768,408,1376,1,1,240,0,0,105000
1029,21.0,6,1972,1972,281.0,317,672,546,1218,1,0,264,0,28,118000
1030,0.0,5,1916,1995,0.0,0,686,980,1928,2,0,0,0,0,160000
1031,102.0,7,1920,1970,0.0,523,824,998,3082,2,2,672,136,63,197000
1032,0.0,8,1993,1993,0.0,1012,1338,1168,2520,2,1,796,209,55,310000
1033,0.0,7,2002,2002,295.0,986,1654,0,1654,2,0,900,0,136,230000
1034,50.0,5,1938,1950,0.0,0,920,0,954,1,1,240,0,0,119750
1035,0.0,4,1957,1957,0.0,0,0,0,845,1,0,290,186,0,84000
1036,89.0,9,2007,2008,70.0,1022,1620,0,1620,2,1,912,228,0,315500
1037,0.0,8,2001,2002,396.0,0,1055,1208,2263,2,1,905,0,45,287000
1038,21.0,4,1970,2008,0.0,0,546,546,1344,1,1,0,0,0,97000
1039,21.0,4,1970,1970,0.0,509,630,0,630,1,0,286,0,0,80000
1040,88.0,5,1957,2000,67.0,168,1134,0,1803,2,1,484,0,0,155000
1041,0.0,6,1966,2000,252.0,400,800,832,1632,1,0,484,0,40,173000
1042,34.0,6,2005,2005,135.0,900,1306,0,1306,2,1,624,170,63,196000
1043,86.0,7,1990,1990,99.0,1085,1475,797,2329,2,1,514,192,121,262280
1044,80.0,8,1981,1981,0.0,1104,2524,0,2524,2,1,542,474,120,278000
1045,0.0,3,1955,1955,0.0,0,0,0,1733,2,1,452,0,0,139600
1046,85.0,9,2005,2006,208.0,240,1992,876,2868,3,1,716,214,108,556581
1047,57.0,5,1994,1995,0.0,686,990,0,990,1,0,672,0,0,145000
1048,100.0,5,1960,2006,75.0,0,0,0,1771,1,1,336,0,0,115000
1049,60.0,4,1946,2006,0.0,0,0,0,930,1,0,308,0,0,84900
1050,73.0,7,2007,2007,0.0,0,1302,0,1302,2,0,436,0,22,176485
1051,103.0,7,2007,2007,0.0,0,1316,0,1316,2,1,440,0,20,200141
1052,100.0,6,1964,1978,272.0,442,816,850,1977,1,1,540,0,52,165000
1053,68.0,5,1957,2002,145.0,383,1216,0,1526,1,1,364,116,78,144500
1054,90.0,8,2002,2002,210.0,932,1065,898,1989,2,1,586,199,60,255000
1055,104.0,6,1976,1976,160.0,644,1193,0,1523,2,1,478,0,0,180000
1056,43.0,7,2005,2005,240.0,659,1364,0,1364,2,1,484,192,36,185850
1057,0.0,7,1994,1994,0.0,595,973,871,1850,2,1,467,168,98,248000
1058,96.0,9,2008,2008,154.0,936,1104,1054,2184,2,1,836,0,102,335000
1059,0.0,6,1932,1950,480.0,297,854,895,1991,1,1,432,0,0,220000
1060,41.0,8,2001,2001,0.0,616,1338,0,1338,2,0,582,0,0,213500
1061,120.0,3,1935,1950,0.0,0,894,0,894,1,0,1248,0,20,81000
1062,85.0,5,1900,1950,0.0,0,662,915,2337,2,0,560,0,57,90000
1063,50.0,6,1925,1980,0.0,397,1103,0,1103,1,1,440,166,120,110500
1064,0.0,5,1966,1966,200.0,740,1154,0,1154,1,1,480,0,58,154000
1065,80.0,7,1996,1997,0.0,1201,1306,954,2260,2,0,533,296,44,328000
1066,59.0,6,1993,1994,0.0,0,799,772,1571,2,1,380,0,40,178000
1067,80.0,6,1964,1964,360.0,674,780,813,1611,1,0,442,328,128,167900
1068,42.0,6,1973,1973,0.0,837,942,1230,2521,2,1,576,728,20,151400
1069,60.0,5,1949,2003,0.0,220,845,0,893,1,0,576,0,0,135000
1070,72.0,5,1956,1956,120.0,586,1048,0,1048,1,0,286,0,20,135000
1071,78.0,6,1968,1968,0.0,298,727,727,1556,1,0,441,0,0,154000
1072,50.0,5,1948,1950,0.0,0,810,454,1456,1,1,280,0,0,91500
1073,75.0,6,1977,1977,140.0,535,690,728,1426,1,0,440,252,0,159500
1074,74.0,7,2006,2006,0.0,0,1240,0,1240,2,0,826,140,93,194000
1075,75.0,7,1940,1984,0.0,410,800,780,1740,1,2,240,0,0,219500
1076,60.0,5,1936,1989,0.0,626,796,370,1466,2,1,566,436,21,170000
1077,0.0,5,1969,1969,0.0,75,1096,0,1096,1,0,299,240,32,138800
1078,37.0,6,2004,2004,169.0,662,848,0,848,1,1,420,140,0,155900
1079,65.0,5,1994,1994,0.0,495,990,0,990,1,0,299,0,64,126000
1080,80.0,6,1971,2004,144.0,656,1258,0,1258,2,0,528,55,0,145000
1081,75.0,5,1963,1963,0.0,824,1040,0,1040,1,0,308,0,0,133000
1082,70.0,7,2002,2002,100.0,0,1459,0,1459,2,1,527,192,39,192000
1083,80.0,6,1964,1964,425.0,553,1251,0,1251,1,2,461,0,116,160000
1084,0.0,6,1995,1996,0.0,592,691,807,1498,2,1,409,315,44,187500
1085,73.0,6,1992,1992,0.0,747,936,0,996,1,0,564,120,0,147000
1086,0.0,4,1973,1973,0.0,334,546,546,1092,1,0,286,120,96,83500
1087,85.0,8,2005,2006,0.0,0,1082,871,1953,2,1,1043,160,50,252000
1088,24.0,7,2004,2004,50.0,0,970,739,1709,2,0,380,0,40,137500
1089,37.0,8,2005,2005,0.0,1039,1247,0,1247,1,1,550,0,84,197000
1090,60.0,3,1950,1950,0.0,0,0,0,1040,2,0,400,0,0,92900
1091,24.0,7,1999,2000,212.0,510,600,628,1252,2,0,462,0,48,160000
1092,60.0,6,1925,1950,0.0,423,1181,304,1694,2,1,576,342,0,136500
1093,71.0,5,1965,1998,166.0,661,864,0,1200,1,0,884,0,64,146000
1094,74.0,5,1956,2000,0.0,248,936,0,936,1,0,308,0,0,129000
1095,78.0,6,2006,2006,0.0,24,1314,0,1314,2,1,440,0,22,176432
1096,60.0,6,1914,2006,0.0,0,684,582,1355,1,0,0,136,0,127000
1097,0.0,8,1986,1986,0.0,0,1074,0,1088,1,0,461,0,74,170000
1098,50.0,4,1936,1950,0.0,672,672,567,1324,1,0,240,0,0,128000
1099,82.0,7,1978,1978,206.0,704,1271,0,1601,2,1,478,0,0,157000
1100,60.0,2,1920,1950,0.0,290,290,0,438,1,0,246,0,0,60000
1101,61.0,5,1971,1971,0.0,412,950,0,950,1,0,280,0,0,119500
1102,70.0,5,1960,2002,45.0,588,1010,0,1134,1,0,254,0,16,135000
1103,79.0,6,1959,1959,0.0,655,655,0,1194,1,1,539,0,0,159500
1104,24.0,5,1970,1970,304.0,0,630,672,1302,2,0,440,0,0,106000
1105,98.0,8,1994,1995,362.0,1032,1463,1122,2622,2,2,712,186,32,325000
1106,114.0,7,1990,1991,0.0,738,910,0,1442,2,1,719,0,244,179900
1107,168.0,7,2006,2006,0.0,0,868,1134,2021,2,1,422,0,100,274725
1108,0.0,6,2000,2000,0.0,0,924,742,1690,2,1,463,100,48,181000
1109,107.0,8,2004,2005,42.0,1039,1836,0,1836,2,1,862,125,185,280000
1110,0.0,6,1995,1996,0.0,219,773,885,1658,2,1,431,224,84,188000
1111,80.0,7,1976,1976,660.0,403,803,866,1964,2,1,483,0,69,205000
1112,73.0,5,1957,1957,0.0,708,816,0,816,1,0,308,0,0,129900
1113,66.0,5,1953,2006,0.0,643,1008,0,1008,1,0,240,0,18,134500
1114,90.0,5,1954,2000,0.0,415,833,0,833,1,0,326,0,0,117000
1115,93.0,8,2007,2007,328.0,1004,1734,0,1734,2,1,928,0,0,318000
1116,0.0,8,2002,2002,0.0,353,408,640,1419,2,1,527,120,0,184100
1117,57.0,5,1967,2003,0.0,702,894,0,894,1,0,450,0,0,130000
1118,85.0,5,1958,1987,0.0,0,533,580,1601,1,0,300,280,34,140000
1119,70.0,5,1959,1959,0.0,369,1040,0,1040,1,0,286,140,0,133700
1120,59.0,6,1920,1950,0.0,0,1012,0,1012,1,1,308,0,22,118400
1121,84.0,7,2005,2006,196.0,24,1552,0,1552,2,0,782,144,20,212900
1122,0.0,4,1956,1956,0.0,0,672,0,960,1,0,288,64,0,112000
1123,50.0,5,1947,2008,0.0,0,698,0,698,1,0,0,0,200,118000
1124,0.0,7,1992,1992,170.0,0,384,670,1482,2,1,392,100,25,163900
1125,60.0,4,1955,1955,0.0,0,1005,0,1005,1,1,672,0,0,115000
1126,53.0,7,2007,2007,130.0,0,1373,0,1555,2,1,660,143,20,174000
1127,182.0,7,2004,2004,0.0,1300,1530,0,1530,2,1,630,144,36,259000
1128,59.0,7,2004,2005,0.0,0,847,1112,1959,2,1,434,100,48,215000
1129,60.0,5,1980,1980,180.0,936,936,0,936,1,0,672,49,0,140000
1130,65.0,4,1928,1950,0.0,622,1122,653,1981,2,2,576,431,44,135000
1131,63.0,5,1991,1992,0.0,212,974,0,974,1,0,0,0,28,93500
1132,90.0,6,1880,1950,0.0,0,1008,1032,2210,2,0,205,0,48,117500
1133,80.0,8,1995,1995,0.0,584,1128,878,2020,2,1,466,0,155,239500
1134,57.0,6,1997,1997,0.0,0,916,684,1600,2,1,460,100,38,169000
1135,60.0,6,1926,1950,0.0,0,960,0,986,1,1,180,0,128,102000
1136,80.0,6,1950,1950,0.0,280,1032,220,1252,1,0,288,0,0,119000
1137,54.0,5,1875,1996,0.0,0,780,240,1020,1,0,0,0,0,94000
1138,0.0,6,1977,1977,0.0,1567,1567,0,1567,2,2,714,264,32,196000
1139,98.0,5,1920,1950,0.0,645,915,0,1167,1,1,495,0,0,144000
1140,60.0,5,1951,1951,0.0,852,952,0,952,1,0,840,0,0,139000
1141,0.0,5,1976,1976,44.0,381,780,780,1868,2,1,484,448,96,197500
1142,77.0,8,2006,2007,340.0,1150,1466,1362,2828,3,1,1052,125,144,424870
1143,0.0,5,1959,1959,0.0,288,1006,0,1006,1,0,0,0,24,80000
1144,60.0,4,1941,1950,0.0,348,672,252,924,1,0,280,0,0,80000
1145,52.0,5,1928,1950,0.0,0,1042,534,1576,1,1,225,0,0,149000
1146,0.0,6,1985,1985,85.0,1258,1298,0,1298,2,1,403,165,26,180000
1147,75.0,7,1941,1950,0.0,275,704,704,1564,1,1,234,0,0,174500
1148,0.0,7,1926,1950,0.0,0,572,539,1111,1,1,288,0,0,116900
1149,50.0,7,1920,1988,0.0,624,650,650,1482,1,0,324,0,0,143000
1150,57.0,6,1950,1950,0.0,0,932,0,932,1,1,306,0,0,124000
1151,134.0,5,1959,1959,132.0,176,1466,0,1466,1,2,528,0,140,149900
1152,90.0,6,1956,2004,0.0,296,1073,0,1811,1,1,470,0,0,230000
1153,0.0,6,1930,2007,0.0,538,816,0,816,1,0,432,0,0,120500
1154,0.0,7,1965,1988,288.0,454,864,918,1820,1,2,492,60,84,201800
1155,90.0,5,1976,2004,0.0,1157,1437,0,1437,2,1,528,0,21,218000
1156,85.0,5,1965,1999,0.0,633,1219,0,1265,2,1,502,0,92,179900
1157,34.0,7,2007,2008,166.0,904,1314,0,1314,2,1,626,172,62,230000
1158,92.0,8,2007,2008,186.0,0,1580,0,1580,2,0,830,0,24,235128
1159,76.0,6,1974,1974,270.0,442,901,933,1876,2,1,540,0,69,185000
1160,24.0,6,1978,1978,0.0,311,855,601,1456,2,1,440,26,0,146000
1161,0.0,6,1954,2006,72.0,728,1296,0,1640,1,1,924,108,0,224000
1162,109.0,5,1968,1968,0.0,492,894,0,894,1,1,450,0,0,129000
1163,60.0,4,1969,1969,0.0,1198,1198,0,1258,0,0,400,120,0,108959
1164,0.0,5,1978,1978,0.0,680,1360,0,1432,1,1,588,168,180,194000
1165,79.0,7,2009,2009,268.0,0,1502,0,1502,2,0,644,0,114,233170
1166,64.0,8,2008,2008,72.0,0,1694,0,1694,2,0,776,160,33,245350
1167,58.0,6,2000,2000,0.0,786,959,712,1671,2,1,472,0,38,173000
1168,120.0,6,1935,1986,0.0,626,1127,872,2108,2,2,540,0,0,235000
1169,118.0,10,1995,1996,1378.0,1387,1930,1796,3627,3,1,807,361,76,625000
1170,76.0,6,1977,1977,0.0,522,1096,0,1118,1,1,358,203,0,171000
1171,76.0,6,1958,1958,0.0,662,1261,0,1261,1,1,433,0,0,163000
1172,35.0,7,2006,2007,0.0,0,625,625,1250,2,0,625,0,54,171900
1173,138.0,5,1946,1994,0.0,152,1598,971,3086,3,1,0,122,0,200500
1174,80.0,6,1932,1950,0.0,503,952,1175,2345,2,1,360,0,0,239000
1175,85.0,8,1992,2000,337.0,700,1683,743,2872,2,1,541,0,33,285000
1176,37.0,5,1984,1985,0.0,658,876,0,923,1,0,264,362,0,119500
1177,0.0,6,1926,2004,0.0,468,818,406,1224,1,0,210,0,0,115000
1178,54.0,5,1921,1950,0.0,0,731,523,1343,1,1,186,192,0,154900
1179,77.0,5,1954,1954,0.0,0,0,0,1124,1,1,0,0,36,93000
1180,0.0,7,1990,1991,0.0,1216,1216,1216,2514,2,0,693,0,0,250000
1181,64.0,8,2008,2008,186.0,1480,1600,0,1652,2,1,482,162,53,392500
1182,160.0,10,1996,1996,0.0,2096,2396,2065,4476,3,2,813,171,78,745000
1183,60.0,5,1920,1950,0.0,821,1120,0,1130,1,1,720,229,0,120000
1184,50.0,5,1963,1963,226.0,1159,1572,0,1572,1,2,995,0,263,186700
1185,60.0,5,1924,1950,0.0,392,784,272,1221,1,0,392,0,0,104900
1186,107.0,3,1900,1970,0.0,440,978,685,1699,2,0,420,0,74,95000
1187,89.0,8,1994,1995,0.0,1456,1624,0,1624,2,1,757,0,114,262000
1188,68.0,7,2002,2002,95.0,0,831,829,1660,2,0,493,144,68,195000
1189,60.0,7,1999,1999,0.0,0,994,776,1804,2,1,442,140,60,189000
1190,0.0,4,1961,1975,149.0,1159,1249,0,1622,1,1,1356,439,0,168000
1191,24.0,8,1999,2000,456.0,0,776,677,1441,2,0,492,206,0,174000
1192,60.0,5,1925,1994,0.0,0,702,630,1472,1,0,250,0,0,125000
1193,0.0,6,1999,1999,425.0,883,1224,0,1224,2,0,402,0,304,165000
1194,80.0,6,1969,1969,143.0,371,663,689,1352,1,0,299,379,36,158000
1195,51.0,6,2005,2005,0.0,0,728,728,1456,2,0,400,100,24,176000
1196,58.0,7,2006,2006,0.0,0,879,984,1863,2,1,660,100,17,219210
1197,65.0,7,1916,1950,0.0,0,815,875,1690,1,1,225,0,0,144000
1198,70.0,7,2001,2001,0.0,0,1212,0,1212,2,0,573,356,0,178000
1199,75.0,4,1963,1979,51.0,547,1051,0,1382,1,1,459,0,82,148000
1200,71.0,4,1970,1970,0.0,0,864,0,864,1,0,280,0,0,116050
1201,80.0,7,1998,1998,0.0,0,866,913,1779,2,0,546,198,36,197900
1202,50.0,5,1925,1997,0.0,0,884,464,1348,1,1,216,0,0,117000
1203,75.0,7,2000,2001,171.0,0,1630,0,1630,2,1,451,74,234,213000
1204,78.0,5,1975,1975,0.0,788,1056,0,1074,1,0,495,0,88,153500
1205,90.0,7,1990,1991,234.0,485,2158,0,2196,2,1,701,84,70,271900
1206,0.0,4,1966,1966,0.0,1056,1056,0,1056,1,0,384,0,42,107000
1207,70.0,6,2003,2003,120.0,340,1682,0,1700,2,0,544,192,23,200000
1208,70.0,5,1962,1980,0.0,504,931,0,1283,1,0,506,0,0,140000
1209,85.0,8,2006,2006,420.0,1220,1660,0,1660,2,1,500,322,50,290000
1210,70.0,6,1992,1992,0.0,0,1055,790,1845,2,1,462,635,104,189000
1211,152.0,8,1988,2005,0.0,427,559,672,1752,2,0,492,325,12,164000
1212,50.0,4,1941,1950,0.0,344,672,0,672,1,0,234,0,113,113000
1213,0.0,4,1965,2001,0.0,648,648,0,960,0,0,364,88,0,145000
1214,69.0,5,1962,1962,0.0,784,925,0,999,1,0,300,150,72,134500
1215,99.0,5,1966,1966,0.0,180,894,0,894,1,0,384,0,0,125000
1216,68.0,6,1978,1978,0.0,0,0,584,1902,2,0,539,0,0,112000
1217,72.0,8,2009,2009,72.0,936,1300,0,1314,2,0,552,135,112,229456
1218,52.0,4,1947,1950,0.0,0,0,240,912,1,0,0,0,0,80500
1219,21.0,6,1971,1971,236.0,0,672,546,1218,1,0,0,201,0,91500
1220,66.0,5,1964,1964,0.0,312,912,0,912,1,0,288,0,0,115000
1221,55.0,5,1968,1968,0.0,250,952,0,1211,1,1,322,0,63,134000
1222,78.0,6,1949,1950,320.0,196,1040,678,1846,2,1,315,0,0,143000
1223,89.0,5,1951,1951,44.0,756,2136,0,2136,2,0,528,0,30,137900
1224,60.0,7,2004,2005,0.0,724,788,702,1490,2,1,388,100,75,184000
1225,65.0,6,1958,1958,63.0,507,588,0,1138,1,0,264,224,0,145000
1226,86.0,6,2007,2007,74.0,0,894,1039,1933,2,1,668,100,18,214000
1227,72.0,5,1965,2008,300.0,595,912,0,912,1,0,576,0,240,147000
1228,65.0,9,2008,2008,766.0,1540,1702,0,1702,1,1,1052,0,72,367294
1229,70.0,5,1960,1960,0.0,666,1075,0,1507,2,0,404,0,0,127000
1230,0.0,5,1977,1977,1.0,498,1361,1259,2620,2,1,600,155,24,190000
1231,70.0,5,1962,1962,120.0,803,1106,0,1190,1,0,540,0,18,132500
1232,70.0,4,1962,1962,0.0,0,0,0,1224,2,0,462,0,0,101800
1233,0.0,5,1959,1959,180.0,1000,1188,0,1188,1,0,531,0,0,142000
1234,55.0,5,1911,1950,0.0,0,940,940,1964,1,0,0,0,192,130000
1235,96.0,5,1914,1950,0.0,0,747,892,1784,1,0,180,203,40,138887
1236,36.0,7,2003,2003,106.0,0,764,862,1626,2,0,474,0,27,175500
1237,41.0,7,2004,2005,0.0,0,847,1101,1948,2,1,434,100,48,195000
1238,63.0,6,2005,2005,0.0,0,1141,0,1141,1,0,484,0,0,142500
1239,64.0,8,2006,2006,32.0,428,1476,0,1484,2,1,472,120,33,265900
1240,65.0,7,2003,2003,252.0,550,884,884,1768,2,0,543,0,63,224900
1241,83.0,7,2007,2007,0.0,0,1689,0,1689,2,0,954,0,56,248328
1242,85.0,7,1974,1974,81.0,885,1053,0,1173,2,2,528,0,120,170000
1243,107.0,10,2006,2006,0.0,1386,2076,0,2076,2,1,850,216,229,465000
1244,0.0,8,1929,1950,0.0,0,792,725,1517,1,2,400,0,0,230000
1245,78.0,6,1984,2003,74.0,0,585,728,1868,3,1,477,268,112,178000
1246,65.0,7,2005,2006,0.0,0,756,797,1553,2,0,615,0,45,186500
1247,0.0,6,1976,1976,335.0,539,1012,0,1034,1,0,888,0,0,169900
1248,60.0,6,1917,1950,0.0,319,735,924,2058,1,1,396,0,0,129500
1249,60.0,5,1950,1950,0.0,534,876,0,988,1,0,276,0,80,119000
1250,93.0,7,1968,1968,0.0,1065,2110,0,2110,2,2,522,0,0,244000
1251,0.0,7,2003,2003,163.0,0,1405,0,1405,2,1,478,148,36,171750
1252,62.0,5,1968,1968,0.0,510,864,0,874,1,0,288,33,0,130000
1253,0.0,7,1974,2003,0.0,125,1192,651,2167,2,2,518,220,47,294000
1254,60.0,7,2003,2004,92.0,0,746,896,1656,2,1,397,178,128,165400
1255,52.0,6,1931,1950,0.0,425,884,408,1367,1,1,560,0,0,127500
1256,91.0,8,1994,1994,554.0,1314,1986,0,1987,2,1,691,262,36,301500
1257,56.0,5,1922,1950,0.0,0,864,0,864,1,0,0,0,96,99900
1258,59.0,7,2005,2005,182.0,655,856,0,1166,2,0,400,212,0,190000
1259,65.0,6,1969,1969,0.0,602,1054,0,1054,1,0,460,180,0,151000
1260,0.0,6,1999,1999,0.0,0,841,783,1675,2,1,502,0,103,181000
1261,80.0,5,1956,1956,0.0,504,1050,0,1050,1,0,338,0,0,128900
1262,0.0,4,1957,1989,0.0,0,1104,684,1788,1,2,304,120,0,161500
1263,60.0,6,1919,1950,0.0,0,764,764,1824,1,1,520,0,0,180500
1264,34.0,6,1998,1999,0.0,266,1405,0,1337,2,0,511,144,68,181000
1265,35.0,7,1999,1999,218.0,450,691,739,1452,2,0,506,0,34,183900
1266,60.0,7,1910,1950,0.0,0,925,925,1889,1,1,308,0,0,122000
1267,89.0,9,2008,2009,0.0,0,2002,0,2018,2,1,746,144,76,378500
1268,0.0,8,1935,1997,632.0,192,728,1479,3447,3,2,1014,314,12,381000
1269,78.0,5,1958,1958,180.0,460,874,650,1524,1,0,315,0,0,144000
1270,0.0,7,1979,1979,0.0,1258,1332,192,1524,0,1,586,268,0,260000
1271,0.0,6,1968,1968,0.0,0,1489,0,1489,2,1,462,0,0,185750
1272,0.0,5,1965,1965,114.0,560,935,0,935,1,0,288,180,0,137000
1273,124.0,6,1959,2006,84.0,719,1019,0,1357,1,1,312,0,0,177000
1274,53.0,5,1910,2003,0.0,0,661,589,1250,2,1,552,242,0,139000
1275,95.0,5,1948,1950,567.0,220,928,992,1920,2,0,400,0,0,137000
1276,0.0,6,1972,1972,0.0,593,723,660,1395,1,1,497,294,116,162000
1277,0.0,6,1967,1976,359.0,528,1680,0,1724,1,1,480,0,0,197900
1278,75.0,8,2002,2002,0.0,804,1128,903,2031,2,1,577,0,211,237000
1279,60.0,4,1920,1950,0.0,0,698,430,1128,1,0,528,30,0,68400
1280,67.0,7,2002,2002,110.0,788,1573,0,1573,2,0,544,0,72,227000
1281,50.0,7,1990,1990,54.0,1053,1309,0,1339,2,1,484,0,58,180000
1282,61.0,5,1977,2008,0.0,532,1040,0,1040,2,0,484,0,0,150500
1283,94.0,6,1971,1971,0.0,0,912,912,1824,2,0,0,128,0,139000
1284,50.0,6,1919,1990,0.0,0,804,748,2447,2,1,336,272,0,169000
1285,50.0,6,1939,1950,0.0,0,780,587,1412,1,1,280,45,0,132500
1286,0.0,6,1963,1963,451.0,569,1328,0,1328,1,2,528,0,26,143000
1287,0.0,5,1964,1964,621.0,812,1624,0,1582,2,0,390,168,198,190000
1288,40.0,8,2000,2000,0.0,1158,1501,0,1659,2,1,499,212,59,278000
1289,86.0,8,2006,2006,788.0,0,1085,850,1970,2,1,753,177,74,281000
1290,0.0,5,1964,1964,86.0,1014,1152,0,1152,1,1,484,227,0,180500
1291,21.0,5,1972,1972,268.0,231,630,672,1302,2,0,264,185,0,119500
1292,60.0,5,1892,1965,0.0,0,994,994,2372,2,0,432,0,287,107500
1293,78.0,7,1976,1976,0.0,194,832,832,1664,2,1,528,0,28,162900
1294,60.0,5,1955,1990,0.0,167,864,0,864,1,0,572,0,0,115000
1295,70.0,5,1968,1968,168.0,1016,1052,0,1052,1,0,288,356,0,138500
1296,80.0,5,1963,1963,148.0,776,1120,0,1128,2,0,525,192,20,155000
1297,35.0,6,2005,2006,82.0,547,547,0,1072,2,0,525,0,44,140000
1298,313.0,10,2008,2008,796.0,5644,6110,950,5642,2,3,1418,214,292,160000
1299,75.0,5,1959,1994,0.0,340,1246,0,1246,1,0,305,218,0,154000
1300,0.0,7,1999,1999,344.0,694,978,978,1983,2,1,490,0,0,225000
1301,0.0,6,1942,1950,0.0,547,771,741,1494,1,2,213,0,0,177500
1302,92.0,8,1994,1994,391.0,740,1165,1323,2526,2,1,844,309,78,290000
1303,73.0,7,2005,2005,228.0,0,1616,0,1616,2,0,834,208,59,232000
1304,32.0,7,2004,2004,117.0,0,976,732,1708,2,0,380,0,40,130000
1305,108.0,9,2006,2007,300.0,1572,1652,0,1652,2,2,840,404,102,325000
1306,48.0,7,2005,2006,94.0,0,1368,0,1368,2,1,474,132,35,202500
1307,60.0,5,1994,1995,0.0,746,990,0,990,1,0,480,0,64,138000
1308,100.0,5,1948,2005,0.0,144,924,0,1122,1,0,528,0,36,147000
1309,0.0,6,1991,1991,88.0,1200,1278,0,1294,2,0,496,112,51,179200
1310,100.0,7,1959,2002,0.0,1406,1902,0,1902,2,2,567,0,207,335000
1311,68.0,7,2005,2007,80.0,925,1274,0,1274,2,0,508,264,98,203000
1312,0.0,8,1990,1990,336.0,482,1453,1357,2810,2,1,750,500,0,302000
1313,108.0,9,1999,1999,165.0,0,1393,1177,2599,2,1,779,668,30,333168
1314,60.0,4,1954,1954,0.0,732,948,0,948,1,1,280,0,36,119000
1315,85.0,6,1969,1969,0.0,500,952,1020,2112,2,2,576,280,0,206900
1316,61.0,8,2008,2008,270.0,0,1622,0,1630,2,1,860,172,42,295493
1317,47.0,7,2006,2007,0.0,0,1352,0,1352,2,1,466,0,241,208900
1318,0.0,8,2001,2002,178.0,0,1753,0,1787,2,1,748,198,150,275000
1319,75.0,4,1954,1954,132.0,492,864,0,948,1,0,248,0,0,111000
1320,70.0,6,1957,1957,0.0,189,1478,0,1478,1,2,442,114,0,156500
1321,0.0,3,1949,1950,0.0,0,0,0,720,1,0,287,0,0,72500
1322,107.0,7,1992,1992,0.0,674,750,862,1923,2,1,564,240,39,190000
1323,50.0,4,1940,1950,0.0,280,420,0,708,1,0,0,164,0,82500
1324,75.0,8,2006,2007,428.0,0,1795,0,1795,2,1,895,0,49,147000
1325,40.0,4,1922,1950,0.0,0,796,0,796,1,0,0,0,0,55000
1326,70.0,3,1931,2006,0.0,544,544,0,774,1,0,0,0,0,79000
1327,60.0,5,1982,2008,0.0,641,816,0,816,1,1,264,0,0,130500
1328,60.0,6,1920,1950,0.0,493,1510,1208,2792,2,2,520,0,547,256000
1329,63.0,7,1998,1998,0.0,0,935,677,1632,2,1,462,0,28,176500
1330,85.0,8,2006,2006,410.0,0,1588,0,1588,2,1,825,144,45,227000
1331,55.0,5,1976,1976,0.0,483,911,0,954,1,0,576,0,0,132500
1332,67.0,4,1938,1958,0.0,690,816,0,816,1,1,288,0,0,100000
1333,60.0,5,1938,1995,0.0,0,803,557,1360,1,0,297,0,65,125500
1334,24.0,5,1970,1970,312.0,765,765,600,1365,1,0,440,0,36,125000
1335,80.0,6,1977,1977,360.0,686,1350,0,1334,2,1,630,0,16,167900
1336,87.0,5,1973,1973,564.0,0,1656,0,1656,2,0,506,0,211,135000
1337,153.0,4,1941,1950,0.0,0,693,0,693,1,0,0,0,20,52500
1338,95.0,7,2002,2002,0.0,700,916,941,1861,2,0,492,146,91,200000
1339,120.0,5,1972,1972,0.0,360,864,0,864,1,0,288,0,0,128500
1340,70.0,4,1971,1971,0.0,0,858,0,872,1,0,480,0,0,123000
1341,66.0,6,2003,2004,0.0,814,1114,0,1114,1,0,576,0,78,155000
1342,0.0,8,2002,2002,149.0,0,1284,885,2169,2,1,647,192,87,228500
1343,57.0,6,1928,1950,0.0,0,896,741,1913,1,1,342,0,0,177000
1344,85.0,7,2006,2006,0.0,0,728,728,1456,2,1,440,0,0,155835
1345,50.0,4,1920,1950,0.0,250,960,0,960,1,0,308,0,0,108500
1346,0.0,7,1968,2003,0.0,297,1568,0,2156,2,1,508,0,80,262500
1347,93.0,8,2006,2007,100.0,80,1732,0,1776,2,1,712,0,0,283463
1348,0.0,7,1998,1998,0.0,1443,1482,0,1494,2,1,514,402,25,215000
1349,50.0,8,1872,1987,0.0,259,684,1215,2358,2,0,0,0,54,122000
1350,91.0,5,1969,1969,368.0,500,1248,1296,2634,2,0,968,0,0,200000
1351,70.0,6,1962,1962,318.0,319,858,858,1716,1,1,490,0,84,171000
1352,50.0,6,1937,2000,0.0,0,698,390,1176,1,0,624,210,0,134900
1353,56.0,8,1995,1996,579.0,816,2033,1185,3238,2,1,666,283,86,410000
1354,0.0,7,2000,2000,0.0,735,992,873,1865,2,1,839,0,184,235000
1355,102.0,7,1968,1992,143.0,0,570,698,1920,3,1,487,0,98,170000
1356,0.0,5,1966,1966,65.0,340,864,0,892,1,0,264,0,0,110000
1357,0.0,5,1971,2008,0.0,734,1078,0,1078,1,1,500,0,0,149900
1358,0.0,6,2000,2000,216.0,378,756,804,1573,2,0,440,0,32,177500
1359,129.0,9,2004,2005,66.0,1447,1980,0,1980,2,1,770,194,45,315000
1360,51.0,5,1921,1998,0.0,0,612,1611,2601,3,0,621,183,0,189000
1361,124.0,7,2005,2005,16.0,1274,1530,0,1530,2,1,430,168,36,260000
1362,0.0,4,1920,2007,0.0,0,715,457,1738,2,1,368,55,0,104900
1363,73.0,6,2006,2007,0.0,0,616,796,1412,2,1,432,0,36,156932
1364,30.0,7,2005,2005,0.0,0,600,600,1200,2,0,480,0,166,144152
1365,0.0,7,2000,2000,0.0,533,814,860,1674,2,0,663,0,96,216000
1366,68.0,7,1999,1999,158.0,633,873,908,1790,2,0,588,0,88,193000
1367,41.0,5,1977,1977,0.0,548,757,550,1475,2,1,336,104,26,127000
1368,0.0,6,2003,2004,170.0,685,848,0,848,1,0,420,140,0,144000
1369,48.0,8,2003,2003,171.0,370,1657,0,1668,2,1,502,0,262,232000
1370,90.0,4,1920,1950,0.0,315,840,534,1374,1,0,338,0,0,105000
1371,80.0,6,1955,1996,0.0,831,992,0,1661,1,1,377,0,28,165500
1372,75.0,7,1998,1998,0.0,975,1108,989,2097,2,1,583,253,170,274300
1373,0.0,10,2001,2002,705.0,1282,2633,0,2633,2,2,804,314,140,466500
1374,85.0,7,2005,2005,0.0,0,1026,932,1958,2,1,936,154,210,250000
1375,89.0,8,2007,2007,80.0,0,1571,0,1571,2,1,722,100,36,239000
1376,52.0,6,1930,1950,0.0,384,768,0,790,1,0,160,0,141,91000
1377,60.0,5,1941,1960,0.0,408,984,620,1604,2,0,660,0,68,117000
1378,21.0,6,1973,1973,408.0,309,483,504,987,1,0,264,72,0,83000
1379,73.0,5,2006,2007,0.0,0,384,640,1394,2,0,400,100,0,167500
1380,45.0,3,1914,1950,0.0,203,864,0,864,1,0,200,0,0,58500
1381,0.0,6,1970,1970,0.0,865,1205,0,2117,2,2,550,0,42,237500
1382,60.0,7,1920,1950,0.0,0,596,764,1762,1,0,576,36,0,157000
1383,0.0,5,1918,2007,0.0,0,816,0,1416,2,0,576,0,0,112000
1384,60.0,6,1939,1950,0.0,204,560,560,1258,1,0,280,0,0,105000
1385,40.0,4,1922,2007,0.0,735,796,358,1154,1,0,240,0,96,125500
1386,80.0,7,1978,1978,184.0,790,1392,1392,2784,3,2,564,0,112,250000
1387,60.0,6,1916,1950,0.0,168,714,862,2526,2,1,216,88,15,136000
1388,42.0,9,2006,2007,160.0,1320,1746,0,1746,2,2,758,201,39,377500
1389,60.0,6,1941,1950,0.0,375,735,349,1218,1,1,440,0,0,131000
1390,70.0,7,2000,2000,244.0,1400,1525,0,1525,2,0,541,219,36,235000
1391,65.0,5,1967,1967,0.0,0,1584,0,1584,2,0,792,0,152,124000
1392,68.0,5,1967,1967,0.0,769,864,0,900,1,1,288,175,144,123000
1393,60.0,6,1905,2000,0.0,0,482,691,1912,2,1,672,0,25,163000
1394,53.0,7,2006,2006,45.0,1070,1356,0,1500,2,1,648,161,20,246578
1395,88.0,8,2005,2006,245.0,0,1094,1349,2482,2,1,642,144,39,281213
1396,0.0,5,1948,1950,0.0,353,747,0,1687,1,2,572,0,0,160000
1397,51.0,5,1920,2004,0.0,0,939,574,1513,1,0,180,24,0,137500
1398,60.0,5,1950,1982,0.0,180,1208,768,1904,1,0,240,0,0,138000
1399,51.0,6,1925,1990,0.0,264,976,448,1608,2,1,216,147,16,137450
1400,50.0,6,1929,1950,0.0,0,862,208,1158,1,1,208,0,0,120000
1401,62.0,6,2004,2004,0.0,759,839,729,1593,2,1,398,100,75,193000
1402,64.0,7,2006,2006,0.0,0,1286,0,1294,2,1,662,168,55,193879
1403,49.0,8,2007,2007,84.0,929,1485,0,1464,2,0,754,168,160,282922
1404,60.0,3,1915,1950,0.0,0,672,520,1214,1,0,936,216,0,105000
1405,44.0,8,2004,2005,174.0,1373,1594,0,1646,2,1,482,128,53,275000
1406,70.0,5,1972,2007,0.0,656,768,0,768,1,0,396,58,0,133000
1407,0.0,5,1985,1985,0.0,625,833,0,833,1,0,0,0,0,112000
1408,60.0,4,1910,1950,0.0,0,622,622,1363,1,0,528,0,0,125500
1409,46.0,7,1986,1991,123.0,0,791,857,2093,2,1,542,364,63,215000
1410,79.0,7,2001,2001,0.0,666,944,896,1840,2,0,622,0,45,230000
1411,80.0,6,1950,2005,0.0,120,856,556,1668,1,0,271,0,0,140000
1412,60.0,4,1949,1950,0.0,0,0,0,1040,2,0,420,0,0,90000
1413,88.0,8,2005,2006,366.0,976,1844,0,1844,2,1,620,165,44,257000
1414,64.0,6,1923,2000,0.0,0,833,795,1848,1,1,370,0,0,207000
1415,51.0,7,2007,2007,130.0,988,1386,0,1569,2,1,660,143,20,175900
1416,60.0,4,1885,1950,0.0,0,777,1044,2290,2,0,560,0,0,122500
1417,0.0,8,1998,1998,731.0,781,1284,1140,2450,2,1,1069,0,126,340000
1418,71.0,5,1963,1963,0.0,25,1144,0,1144,1,0,336,0,88,124000
1419,0.0,6,1969,1969,312.0,1110,1844,0,1844,2,1,540,0,73,223000
1420,90.0,6,1968,1968,420.0,404,708,708,1416,2,1,776,0,169,179900
1421,53.0,6,1977,1977,0.0,360,1069,0,1069,2,1,440,0,55,127500
1422,37.0,6,2003,2003,170.0,686,848,0,848,1,0,420,140,0,136500
1423,0.0,6,1966,1966,0.0,0,697,626,2201,2,1,432,586,236,274970
1424,0.0,5,1958,1983,0.0,457,1024,0,1344,1,1,484,316,28,144000
1425,80.0,6,1959,1959,243.0,0,1252,0,1252,1,0,528,0,39,142000
1426,81.0,7,1994,1994,448.0,1000,1223,904,2127,2,2,525,171,132,271000
1427,60.0,5,1945,1950,0.0,580,913,510,1558,1,1,288,0,0,140000
1428,60.0,5,1940,1992,294.0,510,788,0,804,1,2,240,0,0,119000
1429,0.0,6,1981,1981,310.0,678,1440,0,1440,2,1,467,0,0,182900
1430,60.0,5,2005,2005,0.0,0,732,1104,1838,2,1,372,100,40,192140
1431,0.0,6,1976,1976,0.0,958,958,0,958,2,0,440,0,60,143750
1432,60.0,4,1927,2007,0.0,0,656,0,968,2,0,216,0,0,64500
1433,93.0,6,2000,2000,318.0,0,936,830,1792,2,1,451,0,0,186500
1434,80.0,5,1977,1977,0.0,936,1126,0,1126,2,1,484,295,41,160000
1435,80.0,6,1962,2005,237.0,0,1319,0,1537,1,1,462,0,36,174000
1436,60.0,4,1971,1971,0.0,616,864,0,864,1,0,528,0,0,120500
1437,96.0,8,2008,2008,426.0,1336,1932,0,1932,2,1,774,0,66,394617
1438,90.0,6,1957,1996,0.0,600,912,0,1236,1,0,923,0,158,149700
1439,80.0,7,1979,1979,96.0,315,539,685,1725,2,1,550,0,88,197000
1440,79.0,6,1922,1994,0.0,0,588,748,2555,2,1,672,431,0,191000
1441,0.0,6,2004,2004,147.0,697,848,0,848,1,1,420,149,0,149300
1442,85.0,10,2008,2008,160.0,765,1017,981,2007,2,1,812,168,52,310000
1443,0.0,6,1916,1950,0.0,0,952,0,952,1,1,192,0,98,121000
1444,63.0,7,2004,2004,106.0,0,1422,0,1422,2,0,626,192,60,179600
1445,70.0,6,1966,1966,0.0,187,814,0,913,1,0,240,0,0,129000
1446,0.0,5,1962,1962,189.0,593,1188,0,1188,1,0,312,261,39,157900
1447,80.0,8,1995,1996,438.0,1079,1220,870,2090,2,1,556,0,65,240000
1448,70.0,4,1910,2000,0.0,0,560,550,1346,1,0,384,168,24,112000
1449,21.0,5,1970,1970,0.0,553,630,0,630,1,0,0,0,0,92000
1450,60.0,5,1974,1974,0.0,0,896,896,1792,2,0,0,32,45,136000
1451,78.0,8,2008,2009,194.0,0,1573,0,1578,2,1,840,0,36,287090
1452,35.0,5,2005,2005,80.0,547,547,0,1072,1,0,525,0,28,145000
1453,90.0,5,2006,2006,0.0,0,1140,0,1140,1,0,0,36,56,84500
1454,62.0,7,2004,2005,0.0,410,1221,0,1221,2,0,400,0,113,185000
1455,62.0,6,1999,2000,0.0,0,953,694,1647,2,1,460,0,40,175000
1456,85.0,6,1978,1988,119.0,790,1542,0,2073,2,2,500,349,0,210000
1457,66.0,7,1941,2006,0.0,275,1152,1152,2340,2,2,252,0,60,266500
1458,68.0,5,1950,1996,0.0,49,1078,0,1078,1,0,240,366,0,142125
1459,75.0,5,1965,1965,0.0,830,1256,0,1256,1,0,276,736,68,147500
